# gpu    pwr  gtemp  mtemp     sm    mem    enc    dec    jpg    ofa   mclk   pclk  pviol  tviol     fb   bar1   ccpm  sbecc  dbecc    pci  rxpci  txpci 
# Idx      W      C      C      %      %      %      %      %      %    MHz    MHz      %   bool     MB     MB     MB   errs   errs   errs   MB/s   MB/s 
    0     19     64      -      0      0      0      0      0      0    405    180      0      0  89162  89163      0      -      -      0      0      0 
    1     16     61      -      0      0      0      0      0      0    405    180      0      0  89164  89165      0      -      -      0      0      0 
    2     13     63      -      0      0      0      0      0      0    405    180      0      0  89166  89167      0      -      -      0      0      0 
    3     13     59      -      0      0      0      0      0      0    405    180      0      0  89166  89167      0      -      -      0      0      0 
    0     17     62      -      0      0      0      0      0      0    405    180      0      0  89162  89163      0      -      -      0      0      0 
    1     17     59      -      0      0      0      0      0      0    405    180      0      0  89164  89165      0      -      -      0      0      0 
    2     12     61      -      0      0      0      0      0      0    405    180      0      0  89166  89167      0      -      -      0      0      2 
    3     12     57      -      0      0      0      0      0      0    405    180      0      0  89166  89167      0      -      -      0      0      0 
    0     18     60      -      0      0      0      0      0      0    405    180      0      0  89162  89163      0      -      -      0      0      1 
    1     17     57      -      0      0      0      0      0      0    405    180      0      0  89164  89165      0      -      -      0      0      2 
    2     12     60      -      0      0      0      0      0      0    405    180      0      0  89166  89167      0      -      -      0      0      0 
    3     11     55      -      0      0      0      0      0      0    405    180      0      0  89166  89167      0      -      -      0      0      2 
    0     84     61      -      0      0      0      0      0      0  13365   2272      0      0  89162  89163      0      -      -      0      0      0 
    1     73     59      -      0      0      0      0      0      0  13365   2272      0      0  89164  89165      0      -      -      0      0      0 
    2     71     61      -      0      0      0      0      0      0  13365   2272      0      0  89166  89167      0      -      -      0      0      0 
    3     73     57      -      0      0      0      0      0      0  13365   2272      0      0  89166  89167      0      -      -      0      0      0 
    0     83     62      -      0      0      0      0      0      0  13365   2272      0      0  89162  89163      0      -      -      0      0      2 
    1     73     59      -      0      0      0      0      0      0  13365   2272      0      0  89164  89165      0      -      -      0      0      0 
    2     70     61      -      0      0      0      0      0      0  13365   2272      0      0  89166  89167      0      -      -      0      0      0 
    3     74     57      -      0      0      0      0      0      0  13365   2272      0      0  89166  89167      0      -      -      0      0      0 
    0     18     59      -      0      0      0      0      0      0    405    180      0      0  89162  89163      0      -      -      0      0      0 
    1     16     57      -      0      0      0      0      0      0    405    180      0      0  89164  89165      0      -      -      0      0      2 
    2     12     59      -      0      0      0      0      0      0    405    180      0      0  89166  89167      0      -      -      0      0      0 
    3     10     54      -      0      0      0      0      0      0    405    180      0      0  89166  89167      0      -      -      0      0      0 
    0     17     58      -      0      0      0      0      0      0    405    180      0      0  89162  89163      0      -      -      0      0      0 
    1     15     55      -      0      0      0      0      0      0    405    180      0      0  89164  89165      0      -      -      0      0      0 
    2     11     57      -      0      0      0      0      0      0    405    180      0      0  89166  89167      0      -      -      0      0      0 
    3     10     53      -      0      0      0      0      0      0    405    180      0      0  89166  89167      0      -      -      0      0      2 
    0     17     57      -      0      0      0      0      0      0    405    180      0      0  89162  89163      0      -      -      0      0      0 
    1     15     55      -      0      0      0      0      0      0    405    180      0      0  89164  89165      0      -      -      0      0      0 
    2     11     56      -      0      0      0      0      0      0    405    180      0      0  89166  89167      0      -      -      0      0      0 
    3      9     52      -      0      0      0      0      0      0    405    180      0      0  89166  89167      0      -      -      0      0      0 
    0     16     56      -      0      0      0      0      0      0    405    180      0      0  89162  89163      0      -      -      0      0      0 
    1     15     54      -      0      0      0      0      0      0    405    180      0      0  89164  89165      0      -      -      0      0      0 
    2     11     56      -      0      0      0      0      0      0    405    180      0      0  89166  89167      0      -      -      0      0      2 
    3      8     51      -      0      0      0      0      0      0    405    180      0      0  89166  89167      0      -      -      0      0      0 
    0     81     58      -      0      0      0      0      0      0  13365   2272      0      0  89162  89163      0      -      -      0      0      0 
    1     70     55      -      0      0      0      0      0      0  13365   2272      0      0  89164  89165      0      -      -      0      0      1 
    2     67     57      -      0      0      0      0      0      0  13365   2272      0      0  89166  89167      0      -      -      0      0      0 
    3     71     53      -      0      0      0      0      0      0  13365   2272      0      0  89166  89167      0      -      -      0      0      2 
    0     79     58      -      0      0      0      0      0      0  13365   2272      0      0  89162  89163      0      -      -      0      0      0 
    1     71     56      -      0      0      0      0      0      0  13365   2272      0      0  89164  89165      0      -      -      0      0      0 
    2     68     58      -      0      0      0      0      0      0  13365   2272      0      0  89166  89167      0      -      -      0      0      0 
    3     71     54      -      0      0      0      0      0      0  13365   2272      0      0  89166  89167      0      -      -      0      0      0 
# gpu    pwr  gtemp  mtemp     sm    mem    enc    dec    jpg    ofa   mclk   pclk  pviol  tviol     fb   bar1   ccpm  sbecc  dbecc    pci  rxpci  txpci 
# Idx      W      C      C      %      %      %      %      %      %    MHz    MHz      %   bool     MB     MB     MB   errs   errs   errs   MB/s   MB/s 
    0     17     56      -      0      0      0      0      0      0    405    180      0      0  89162  89163      0      -      -      0      0      2 
    1     15     54      -      0      0      0      0      0      0    405    180      0      0  89164  89165      0      -      -      0      0      0 
    2     10     56      -      0      0      0      0      0      0    405    180      0      0  89166  89167      0      -      -      0      0      1 
    3      9     52      -      0      0      0      0      0      0    405    180      0      0  89166  89167      0      -      -      0      0      0 
    0     16     55      -      0      0      0      0      0      0    405    180      0      0  89162  89163      0      -      -      0      0      0 
    1     15     53      -      0      0      0      0      0      0    405    180      0      0  89164  89165      0      -      -      0      0      2 
    2     10     55      -      0      0      0      0      0      0    405    180      0      0  89166  89167      0      -      -      0      0      0 
    3      8     51      -      0      0      0      0      0      0    405    172      0      0  89166  89167      0      -      -      0      0      0 
    0     16     55      -      0      0      0      0      0      0    405    180      0      0  89162  89163      0      -      -      0      0      0 
    1     14     53      -      0      0      0      0      0      0    405    180      0      0  89164  89165      0      -      -      0      0      0 
    2      9     54      -      0      0      0      0      0      0    405    180      0      0  89166  89167      0      -      -      0      0      0 
    3      9     50      -      0      0      0      0      0      0    405    180      0      0  89166  89167      0      -      -      0      0      2 
    0     15     54      -      0      0      0      0      0      0    405    180      0      0  89162  89163      0      -      -      0      0      2 
    1     14     52      -      0      0      0      0      0      0    405    172      0      0  89164  89165      0      -      -      0      0      0 
    2      9     54      -      0      0      0      0      0      0    405    180      0      0  89166  89167      0      -      -      0      0      0 
    3      7     49      -      0      0      0      0      0      0    405    180      0      0  89166  89167      0      -      -      0      0      0 
    0     77     56      -      0      0      0      0      0      0  13365   2272      0      0  89162  89163      0      -      -      0      0      0 
    1     69     54      -      0      0      0      0      0      0  13365   2272      0      0  89164  89165      0      -      -      0      0      0 
    2     68     56      -      0      0      0      0      0      0  13365   2272      0      0  89166  89167      0      -      -      0      0      2 
    3     70     51      -      0      0      0      0      0      0  13365   2272      0      0  89166  89167      0      -      -      0      0      0 
    0     78     57      -      0      0      0      0      0      0  13365   2272      0      0  89162  89163      0      -      -      0      0      0 
    1     69     55      -      0      0      0      0      0      0  13365   2272      0      0  89164  89165      0      -      -      0      0      2 
    2     67     56      -      0      0      0      0      0      0  13365   2272      0      0  89166  89167      0      -      -      0      0      1 
    3     70     52      -      0      0      0      0      0      0  13365   2272      0      0  89166  89167      0      -      -      0      0      0 
    0     16     55      -      0      0      0      0      0      0    405    180      0      0  89162  89163      0      -      -      0      0      0 
    1     14     53      -      0      0      0      0      0      0    405    180      0      0  89164  89165      0      -      -      0      0      0 
    2      9     55      -      0      0      0      0      0      0    405    180      0      0  89166  89167      0      -      -      0      0      0 
    3      8     50      -      0      0      0      0      0      0    405    180      0      0  89166  89167      0      -      -      0      0      0 
    0     15     54      -      0      0      0      0      0      0    405    180      0      0  89162  89163      0      -      -      0      0      2 
    1     14     52      -      0      0      0      0      0      0    405    180      0      0  89164  89165      0      -      -      0      0      0 
    2      9     54      -      0      0      0      0      0      0    405    180      0      0  89166  89167      0      -      -      0      0      1 
    3      8     49      -      0      0      0      0      0      0    405    180      0      0  89166  89167      0      -      -      0      0      0 
    0     16     54      -      0      0      0      0      0      0    405    180      0      0  89162  89163      0      -      -      0      0      0 
    1     14     52      -      0      0      0      0      0      0    405    180      0      0  89164  89165      0      -      -      0      0      2 
    2      9     54      -      0      0      0      0      0      0    405    180      0      0  89166  89167      0      -      -      0      0      0 
    3      7     48      -      0      0      0      0      0      0    405    180      0      0  89166  89167      0      -      -      0      0      0 
    0     15     53      -      0      0      0      0      0      0    405    180      0      0  89162  89163      0      -      -      0      0      0 
    1     13     51      -      0      0      0      0      0      0    405    180      0      0  89164  89165      0      -      -      0      0      0 
    2      8     53      -      0      0      0      0      0      0    405    180      0      0  89166  89167      0      -      -      0      0      0 
    3      7     48      -      0      0      0      0      0      0    405    180      0      0  89166  89167      0      -      -      0      0      2 
    0     76     55      -      0      0      0      0      0      0  13365   2272      0      0  89162  89163      0      -      -      0      0      2 
    1     69     53      -      0      0      0      0      0      0  13365   2287      0      0  89164  89165      0      -      -      0      0      0 
    2     67     55      -      0      0      0      0      0      0  13365   2272      0      0  89166  89167      0      -      -      0      0      0 
    3     70     50      -      0      0      0      0      0      0  13365   2272      0      0  89166  89167      0      -      -      0      0      0 
# gpu    pwr  gtemp  mtemp     sm    mem    enc    dec    jpg    ofa   mclk   pclk  pviol  tviol     fb   bar1   ccpm  sbecc  dbecc    pci  rxpci  txpci 
# Idx      W      C      C      %      %      %      %      %      %    MHz    MHz      %   bool     MB     MB     MB   errs   errs   errs   MB/s   MB/s 
    0     77     56      -      0      0      0      0      0      0  13365   2272      0      0  89162  89163      0      -      -      0      0      0 
    1     69     53      -      0      0      0      0      0      0  13365   2272      0      0  89164  89165      0      -      -      0      0      0 
    2     67     56      -      0      0      0      0      0      0  13365   2272      0      0  89166  89167      0      -      -      0      0      2 
    3     70     50      -      0      0      0      0      0      0  13365   2272      0      0  89166  89167      0      -      -      0      0      0 
    0     16     55      -      0      0      0      0      0      0    405    180      0      0  89162  89163      0      -      -      0      0      0 
    1     14     52      -      0      0      0      0      0      0    405    180      0      0  89164  89165      0      -      -      0      0      0 
    2      9     54      -      0      0      0      0      0      0    405    180      0      0  89166  89167      0      -      -      0      0      0 
    3      7     49      -      0      0      0      0      0      0    405    180      0      0  89166  89167      0      -      -      0      0      1 
    0     15     54      -      0      0      0      0      0      0    405    180      0      0  89162  89163      0      -      -      0      0      2 
    1     14     51      -      0      0      0      0      0      0    405    180      0      0  89164  89165      0      -      -      0      0      0 
    2      9     54      -      0      0      0      0      0      0    405    180      0      0  89166  89167      0      -      -      0      0      0 
    3      7     48      -      0      0      0      0      0      0    405    180      0      0  89166  89167      0      -      -      0      0      0 
    0     15     53      -      0      0      0      0      0      0    405    180      0      0  89162  89163      0      -      -      0      0      0 
    1     14     51      -      0      0      0      0      0      0    405    180      0      0  89164  89165      0      -      -      0      0      0 
    2      8     53      -      0      0      0      0      0      0    405    180      0      0  89166  89167      0      -      -      0      0      2 
    3      7     47      -      0      0      0      0      0      0    405    180      0      0  89166  89167      0      -      -      0      0      0 
    0     15     53      -      0      0      0      0      0      0    405    180      0      0  89162  89163      0      -      -      0      0      0 
    1     13     50      -      0      0      0      0      0      0    405    180      0      0  89164  89165      0      -      -      0      0      0 
    2      8     53      -      0      0      0      0      0      0    405    180      0      0  89166  89167      0      -      -      0      0      0 
    3      7     47      -      0      0      0      0      0      0    405    180      0      0  89166  89167      0      -      -      0      0      0 
    0     79     55      -      0      0      0      0      0      0  13365   2325      0      0  89162  89163      0      -      -      0      0      0 
    1     69     52      -      0      0      0      0      0      0  13365   2272      0      0  89164  89165      0      -      -      0      0      0 
    2     67     55      -      0      0      0      0      0      0  13365   2272      0      0  89166  89167      0      -      -      0      0      0 
    3     70     49      -      0      0      0      0      0      0  13365   2295      0      0  89166  89167      0      -      -      0      0      1 
    0     76     56      -      0      0      0      0      0      0  13365   2272      0      0  89162  89163      0      -      -      0      0      2 
    1     69     53      -      0      0      0      0      0      0  13365   2272      0      0  89164  89165      0      -      -      0      0      0 
    2     66     55      -      0      0      0      0      0      0  13365   2272      0      0  89166  89167      0      -      -      0      0      0 
    3     69     50      -      0      0      0      0      0      0  13365   2272      0      0  89166  89167      0      -      -      0      0      0 
    0     15     54      -      0      0      0      0      0      0    405    180      0      0  89162  89163      0      -      -      0      0      1 
    1     13     51      -      0      0      0      0      0      0    405    180      0      0  89164  89165      0      -      -      0      0      2 
    2      9     54      -      0      0      0      0      0      0    405    180      0      0  89166  89167      0      -      -      0      0      2 
    3      8     48      -      0      0      0      0      0      0    405    180      0      0  89166  89167      0      -      -      0      0      0 
    0     15     54      -      0      0      0      0      0      0    405    180      0      0  89162  89163      0      -      -      0      0      0 
    1     13     51      -      0      0      0      0      0      0    405    180      0      0  89164  89165      0      -      -      0      0      0 
    2      8     53      -      0      0      0      0      0      0    405    180      0      0  89166  89167      0      -      -      0      0      0 
    3      7     48      -      0      0      0      0      0      0    405    180      0      0  89166  89167      0      -      -      0      0      0 
    0     15     53      -      0      0      0      0      0      0    405    180      0      0  89162  89163      0      -      -      0      0      2 
    1     13     50      -      0      0      0      0      0      0    405    180      0      0  89164  89165      0      -      -      0      0      0 
    2      8     53      -      0      0      0      0      0      0    405    180      0      0  89166  89167      0      -      -      0      0      0 
    3      7     47      -      0      0      0      0      0      0    405    180      0      0  89166  89167      0      -      -      0      0      0 
    0     15     53      -      0      0      0      0      0      0    405    180      0      0  89162  89163      0      -      -      0      0      0 
    1     13     50      -      0      0      0      0      0      0    405    180      0      0  89164  89165      0      -      -      0      0      0 
    2      9     52      -      0      0      0      0      0      0    405    180      0      0  89166  89167      0      -      -      0      0      2 
    3      6     46      -      0      0      0      0      0      0    405    180      0      0  89166  89167      0      -      -      0      0      0 
# gpu    pwr  gtemp  mtemp     sm    mem    enc    dec    jpg    ofa   mclk   pclk  pviol  tviol     fb   bar1   ccpm  sbecc  dbecc    pci  rxpci  txpci 
# Idx      W      C      C      %      %      %      %      %      %    MHz    MHz      %   bool     MB     MB     MB   errs   errs   errs   MB/s   MB/s 
    0    209     60      -     98     38      0      0      0      0  13365   2280      0      0  89162  89163      0      -      -      0   1186    826 
    1    195     57      -     99     32      0      0      0      0  13365   2257      0      0  89164  89165      0      -      -      0   1471    890 
    2    198     59      -     98     40      0      0      0      0  13365   2212      0      0  89166  89167      0      -      -      0   1122    500 
    3    194     53      -     98     41      0      0      0      0  13365   2220      0      0  89166  89167      0      -      -      0    965    544 
    0    214     64      -     98     37      0      0      0      0  13365   2272      0      0  89162  89163      0      -      -      0    799    530 
    1    197     60      -     98     44      0      0      0      0  13365   2250      0      0  89164  89165      0      -      -      0    908    543 
    2    201     63      -     98     43      0      0      0      0  13365   2272      0      0  89166  89167      0      -      -      0    751    503 
    3    196     57      -     98     42      0      0      0      0  13365   2272      0      0  89166  89167      0      -      -      0    838    538 
    0    218     68      -     98     37      0      0      0      0  13365   2227      0      0  89162  89163      0      -      -      0    854    515 
    1    201     64      -     98     43      0      0      0      0  13365   2257      0      0  89164  89165      0      -      -      0    978    542 
    2    204     67      -     99     29      0      0      0      0  13365   2272      0      0  89166  89167      0      -      -      0    797    526 
    3    201     61      -     99     28      0      0      0      0  13365   2227      0      0  89166  89167      0      -      -      0    871    987 
    0    195     70      -    100     17      0      0      0      0  13365   2190      0      0  89162  89163      0      -      -      0    809    511 
    1    183     66      -    100     19      0      0      0      0  13365   2242      0      0  89164  89165      0      -      -      0    891    516 
    2    187     68      -    100     19      0      0      0      0  13365   2272      0      0  89166  89167      0      -      -      0    732    489 
    3    184     62      -    100     18      0      0      0      0  13365   2265      0      0  89166  89167      0      -      -      0    752    511 
    0    224     73      -     98     36      0      0      0      0  13365   2287      0      0  89162  89163      0      -      -      0    820    497 
    1    202     69      -     98     42      0      0      0      0  13365   2265      0      0  89164  89165      0      -      -      0    929    508 
    2    206     72      -     98     40      0      0      0      0  13365   2280      0      0  89166  89167      0      -      -      0    786    483 
    3    199     66      -     98     40      0      0      0      0  13365   2272      0      0  89166  89167      0      -      -      0    875    515 
    0    153     72      -      0      0      0      0      0      0  13365   2317      0      0  89162  89163      0      -      -      0      0      0 
    1    137     69      -      0      0      0      0      0      0  13365   2302      0      0  89164  89165      0      -      -      0      0      2 
    2    138     71      -      0      0      0      0      0      0  13365   2325      0      0  89166  89167      0      -      -      0      0      1 
    3    132     65      -      0      0      0      0      0      0  13365   2317      0      0  89166  89167      0      -      -      0      0      0 
    0    223     76      -     98     35      0      0      0      0  13365   2280      0      0  89162  89163      0      -      -      0    740    505 
    1    204     73      -     98     42      0      0      0      0  13365   2265      0      0  89164  89165      0      -      -      0    870    522 
    2    207     75      -     98     40      0      0      0      0  13365   2272      0      0  89166  89167      0      -      -      0    791    491 
    3    201     69      -     98     40      0      0      0      0  13365   2272      0      0  89166  89167      0      -      -      0    788    487 
    0    151     75      -      0      0      0      0      0      0  13365   2332      0      0  89162  89163      0      -      -      0      0      0 
    1    133     72      -      0      0      0      0      0      0  13365   2287      0      0  89164  89165      0      -      -      0      0      1 
    2    132     74      -      0      0      0      0      0      0  13365   2317      0      0  89166  89167      0      -      -      0      0      0 
    3    128     68      -      0      0      0      0      0      0  13365   2317      0      0  89166  89167      0      -      -      0      0      0 
    0    131     74      -     89     20      0      0      0      0  13365   2287      0      0  89162  89163      0      -      -      0    812    498 
    1    116     70      -     99     27      0      0      0      0  13365   2280      0      0  89164  89165      0      -      -      0    910    526 
    2    158     75      -     98     40      0      0      0      0  13365   2295      0      0  89166  89167      0      -      -      0    744    504 
    3    119     70      -     98     39      0      0      0      0  13365   2242      0      0  89166  89167      0      -      -      0    890    500 
    0     97     72      -      0      0      0      0      0      0  13365   2272      0      0  89162  89163      0      -      -      0      0      0 
    1     85     69      -      0      0      0      0      0      0  13365   2272      0      0  89164  89165      0      -      -      0      0      2 
    2     85     71      -      0      0      0      0      0      0  13365   2272      0      0  89166  89167      0      -      -      0      0      0 
    3     82     66      -      0      0      0      0      0      0  13365   2272      0      0  89166  89167      0      -      -      0      0      0 
    0     94     70      -      0      0      0      0      0      0  13365   2272      0      0  89162  89163      0      -      -      0      0      0 
    1     83     67      -      0      0      0      0      0      0  13365   2272      0      0  89164  89165      0      -      -      0      0      0 
    2     84     70      -      0      0      0      0      0      0  13365   2272      0      0  89166  89167      0      -      -      0      0      1 
    3     80     65      -      0      0      0      0      0      0  13365   2272      0      0  89166  89167      0      -      -      0      0      2 
# gpu    pwr  gtemp  mtemp     sm    mem    enc    dec    jpg    ofa   mclk   pclk  pviol  tviol     fb   bar1   ccpm  sbecc  dbecc    pci  rxpci  txpci 
# Idx      W      C      C      %      %      %      %      %      %    MHz    MHz      %   bool     MB     MB     MB   errs   errs   errs   MB/s   MB/s 
    0     21     66      -      0      0      0      0      0      0    405    180      0      0  89162  89163      0      -      -      0      0      2 
    1     18     63      -      0      0      0      0      0      0    405    180      0      0  89164  89165      0      -      -      0      0      0 
    2     16     66      -      0      0      0      0      0      0    405    180      0      0  89166  89167      0      -      -      0      0      0 
    3     13     61      -      0      0      0      0      0      0    405    180      0      0  89166  89167      0      -      -      0      0      0 
    0    220     69      -     98     37      0      0      0      0  13365   2280      0      0  89162  89163      0      -      -      0      0      0 
    1    202     66      -     98     44      0      0      0      0  13365   2265      0      0  89164  89165      0      -      -      0      0      0 
    2    202     67      -     49     22      0      0      0      0  13365   2272      0      0  89166  89167      0      -      -      0      0      2 
    3    183     62      -     19      8      0      0      0      0  13365   2287      0      0  89166  89167      0      -      -      0      0      0 
    0     88     65      -      0      0      0      0      0      0  13365   2272      0      0  89162  89163      0      -      -      0      0      0 
    1     77     63      -      0      0      0      0      0      0  13365   2272      0      0  89164  89165      0      -      -      0      0      0 
    2     77     65      -      0      0      0      0      0      0  13365   2272      0      0  89166  89167      0      -      -      0      0      0 
    3     76     61      -      0      0      0      0      0      0  13365   2272      0      0  89166  89167      0      -      -      0      0      1 
    0     19     62      -      0      0      0      0      0      0    405    180      0      0  89162  89163      0      -      -      0      0      0 
    1     18     60      -      0      0      0      0      0      0    405    180      0      0  89164  89165      0      -      -      0      0      0 
    2     13     62      -      0      0      0      0      0      0    405    180      0      0  89166  89167      0      -      -      0      0      0 
    3     13     58      -      0      0      0      0      0      0    405    180      0      0  89166  89167      0      -      -      0      0      2 
    0     17     60      -      0      0      0      0      0      0    405    180      0      0  89162  89163      0      -      -      0      0      2 
    1     17     59      -      0      0      0      0      0      0    405    180      0      0  89164  89165      0      -      -      0      0      0 
    2     12     60      -      0      0      0      0      0      0    405    180      0      0  89166  89167      0      -      -      0      0      0 
    3     11     56      -      0      0      0      0      0      0    405    180      0      0  89166  89167      0      -      -      0      0      0 
    0     18     59      -      0      0      0      0      0      0    405    180      0      0  89162  89163      0      -      -      0      0      0 
    1     16     57      -      0      0      0      0      0      0    405    180      0      0  89164  89165      0      -      -      0      0      2 
    2     13     59      -      0      0      0      0      0      0    405    180      0      0  89166  89167      0      -      -      0      0      0 
    3     11     55      -      0      0      0      0      0      0    405    180      0      0  89166  89167      0      -      -      0      0      0 
    0     18     58      -      0      0      0      0      0      0    405    180      0      0  89162  89163      0      -      -      0      0      0 
    1     15     56      -      0      0      0      0      0      0    405    180      0      0  89164  89165      0      -      -      0      0      0 
    2     12     58      -      0      0      0      0      0      0    405    180      0      0  89166  89167      0      -      -      0      0      0 
    3     10     54      -      0      0      0      0      0      0    405    180      0      0  89166  89167      0      -      -      0      0      0 
    0    210     62      -     98     37      0      0      0      0  13365   2280      0      0  89162  89163      0      -      -      0    308      2 
    1     91     59      -     98     45      0      0      0      0  13365   2257      0      0  89164  89165      0      -      -      0      0      1 
    2    173     61      -     98     44      0      0      0      0  13365   2272      0      0  89166  89167      0      -      -      0      0      0 
    3    193     57      -     98     42      0      0      0      0  13365   2272      0      0  89166  89167      0      -      -      0      0      1 
    0     81     59      -      0      0      0      0      0      0  13365   2272      0      0  89162  89163      0      -      -      0      0      0 
    1     71     57      -      0      0      0      0      0      0  13365   2272      0      0  89164  89165      0      -      -      0      0      0 
    2     68     59      -      0      0      0      0      0      0  13365   2272      0      0  89166  89167      0      -      -      0      0      2 
    3     72     55      -      0      0      0      0      0      0  13365   2272      0      0  89166  89167      0      -      -      0      0      0 
    0     20     58      -      0      0      0      0      0      0    405    180      0      0  89162  89163      0      -      -      0      0      0 
    1     16     56      -      0      0      0      0      0      0    405    180      0      0  89164  89165      0      -      -      0      0      1 
    2     13     58      -      0      0      0      0      0      0    405    180      0      0  89166  89167      0      -      -      0      0      0 
    3     10     54      -      0      0      0      0      0      0    405    180      0      0  89166  89167      0      -      -      0      0      0 
    0     17     57      -      0      0      0      0      0      0    405    180      0      0  89162  89163      0      -      -      0      0      0 
    1     15     55      -      0      0      0      0      0      0    405    180      0      0  89164  89165      0      -      -      0      0      0 
    2     11     57      -      0      0      0      0      0      0    405    180      0      0  89166  89167      0      -      -      0      0      0 
    3      9     52      -      0      0      0      0      0      0    405    180      0      0  89166  89167      0      -      -      0      0      3 
# gpu    pwr  gtemp  mtemp     sm    mem    enc    dec    jpg    ofa   mclk   pclk  pviol  tviol     fb   bar1   ccpm  sbecc  dbecc    pci  rxpci  txpci 
# Idx      W      C      C      %      %      %      %      %      %    MHz    MHz      %   bool     MB     MB     MB   errs   errs   errs   MB/s   MB/s 
    0    189     64      -    100     20      0      0      0      0  13365   2167      3      0  89162  89163      0      -      -      0  10935  13110 
    1    179     61      -    100     21      0      0      0      0  13365   2152      4      0  89164  89165      0      -      -      0  19917  14949 
    2    176     64      -    100     21      0      0      0      0  13365   2160      4      0  89166  89167      0      -      -      0   6057  19675 
    3    174     59      -    100     20      0      0      0      0  13365   2167      3      0  89166  89167      0      -      -      0  12692  20474 
    0    192     67      -    100     22      0      0      0      0  13365   2167      8      0  89162  89163      0      -      -      0  14704  23092 
    1    182     65      -    100     21      0      0      0      0  13365   2152      7      0  89164  89165      0      -      -      0   8993  15730 
    2    182     68      -    100     19      0      0      0      0  13365   2152      6      0  89166  89167      0      -      -      0  18937   1758 
    3    178     62      -    100     20      0      0      0      0  13365   2152      6      0  89166  89167      0      -      -      0  17245  19115 
    0    273     73      -     99     51      0      0      0      0  13365   2227      2      0  89162  89163      0      -      -      0   3574   3105 
    1    254     71      -     99     55      0      0      0      0  13365   2227      1      0  89164  89165      0      -      -      0   4173   3316 
    2    259     72      -     99     56      0      0      0      0  13365   2227      1      0  89166  89167      0      -      -      0   3447   3193 
    3    257     68      -     99     56      0      0      0      0  13365   2227      1      0  89166  89167      0      -      -      0   4154   3297 
    0    202     75      -    100     19      0      0      0      0  13365   2152      0      0  89162  89163      0      -      -      0   9994  13170 
    1    186     74      -    100     19      0      0      0      0  13365   2137      0      0  89164  89165      0      -      -      0  10353  12712 
    2    186     74      -    100     20      0      0      0      0  13365   2160      0      0  89166  89167      0      -      -      0  10741  13161 
    3    184     70      -    100     20      0      0      0      0  13365   2160      0      0  89166  89167      0      -      -      0  10003  13359 
    0    282     79      -     99     51      0      0      0      0  13365   2227      0      0  89162  89163      0      -      -      0   3499   3175 
    1    261     77      -     99     55      0      0      0      0  13365   2227      0      0  89164  89165      0      -      -      0   4383   3370 
    2    268     78      -     99     56      0      0      0      0  13365   2227      0      0  89166  89167      0      -      -      0   3542   3155 
    3    265     74      -     99     56      0      0      0      0  13365   2227      0      0  89166  89167      0      -      -      0   3784   3255 
    0    287     82      -     99     50      0      0      0      0  13365   2227      0      0  89162  89163      0      -      -      0   3456   3129 
    1    264     79      -     99     55      0      0      0      0  13365   2227      0      0  89164  89165      0      -      -      0   3855   3245 
    2    272     81      -     99     56      0      0      0      0  13365   2227      0      0  89166  89167      0      -      -      0   3477   3209 
    3    269     77      -     99     56      0      0      0      0  13365   2227      0      0  89166  89167      0      -      -      0   3651   3304 
    0    276     83      -     99     44      0      0      0      0  13365   2227      0      0  89162  89163      0      -      -      0   3003   2064 
    1    257     81      -     99     51      0      0      0      0  13365   2220      0      0  89164  89165      0      -      -      0   3392   2202 
    2    256     82      -     99     51      0      0      0      0  13365   2242      0      0  89166  89167      0      -      -      0   2480   2021 
    3    250     78      -     99     49      0      0      0      0  13365   2242      0      0  89166  89167      0      -      -      0   3073   2010 
    0    222     86      -    100     15      0      0      0      0  13365   2122      2      0  89162  89163      0      -      -      0   9994  16381 
    1    201     81      -    100     17      0      0      0      0  13365   2122      1      0  89164  89165      0      -      -      0  14175    252 
    2    201     82      -    100     23      0      0      0      0  13365   2107      1      0  89166  89167      0      -      -      0  14521  22494 
    3    202     79      -    100     16      0      0      0      0  13365   2130      2      0  89166  89167      0      -      -      0  16352  16500 
    0    253     84      -     99     39      0      0      0      0  13365   2257      3      0  89162  89163      0      -      -      0   3165   1512 
    1    232     82      -     99     44      0      0      0      0  13365   2235      3      0  89164  89165      0      -      -      0   3773   1599 
    2    235     83      -     99     43      0      0      0      0  13365   2257      3      0  89166  89167      0      -      -      0   2909   1545 
    3    232     79      -     99     43      0      0      0      0  13365   2250      3      0  89166  89167      0      -      -      0   3644   1540 
    0    254     85      -     99     39      0      0      0      0  13365   2257      0      0  89162  89163      0      -      -      0   3463   1558 
    1    233     82      -     99     44      0      0      0      0  13365   2242      0      0  89164  89165      0      -      -      0   3238   1556 
    2    236     84      -     99     44      0      0      0      0  13365   2257      0      0  89166  89167      0      -      -      0   2826   1475 
    3    233     79      -     99     43      0      0      0      0  13365   2250      0      0  89166  89167      0      -      -      0   3793   1593 
    0    242     85      -     99     35      0      0      0      0  13365   2272      0      0  89162  89163      0      -      -      0   1029    760 
    1    223     82      -     99     42      0      0      0      0  13365   2257      0      0  89164  89165      0      -      -      0   1357    814 
    2    224     84      -     99     42      0      0      0      0  13365   2272      0      0  89166  89167      0      -      -      0   1016    774 
    3    219     79      -     99     40      0      0      0      0  13365   2272      0      0  89166  89167      0      -      -      0   1321    797 
# gpu    pwr  gtemp  mtemp     sm    mem    enc    dec    jpg    ofa   mclk   pclk  pviol  tviol     fb   bar1   ccpm  sbecc  dbecc    pci  rxpci  txpci 
# Idx      W      C      C      %      %      %      %      %      %    MHz    MHz      %   bool     MB     MB     MB   errs   errs   errs   MB/s   MB/s 
    0    253     85      -     98     35      0      0      0      0  13365   2287      0      0  89162  89163      0      -      -      0    781    483 
    1    227     83      -     98     43      0      0      0      0  13365   2265      0      0  89164  89165      0      -      -      0    842    511 
    2    232     84      -     98     42      0      0      0      0  13365   2280      0      0  89166  89167      0      -      -      0    779    491 
    3    223     80      -     98     41      0      0      0      0  13365   2280      0      0  89166  89167      0      -      -      0    766    499 
    0    255     86      -     98     36      0      0      0      0  13365   2287      0      0  89162  89163      0      -      -      0    820    504 
    1    228     83      -     98     43      0      0      0      0  13365   2265      0      0  89164  89165      0      -      -      0    880    514 
    2    232     85      -     98     41      0      0      0      0  13365   2287      0      0  89166  89167      0      -      -      0    742    470 
    3    223     80      -     98     41      0      0      0      0  13365   2272      0      0  89166  89167      0      -      -      0    869    510 
    0    107     81      -      0      0      0      0      0      0  13365   2272      0      0  89162  89163      0      -      -      0      0      0 
    1     94     78      -      0      0      0      0      0      0  13365   2272      0      0  89164  89165      0      -      -      0      0      0 
    2     92     80      -      0      0      0      0      0      0  13365   2272      0      0  89166  89167      0      -      -      0      0      2 
    3     89     75      -      0      0      0      0      0      0  13365   2272      0      0  89166  89167      0      -      -      0      0      0 
    0    100     77      -      0      0      0      0      0      0  13365   2272      0      0  89162  89163      0      -      -      0      0      0 
    1     90     75      -      0      0      0      0      0      0  13365   2272      0      0  89164  89165      0      -      -      0      0      0 
    2     87     77      -      0      0      0      0      0      0  13365   2272      0      0  89166  89167      0      -      -      0      0      0 
    3     86     72      -      0      0      0      0      0      0  13365   2272      0      0  89166  89167      0      -      -      0      0      0 
    0     99     74      -      0      0      0      0      0      0  13365   2272      0      0  89162  89163      0      -      -      0      0      0 
    1     88     73      -      0      0      0      0      0      0  13365   2272      0      0  89164  89165      0      -      -      0      0      0 
    2     86     75      -      0      0      0      0      0      0  13365   2272      0      0  89166  89167      0      -      -      0      0      0 
    3     84     69      -      0      0      0      0      0      0  13365   2272      0      0  89166  89167      0      -      -      0      0      1 
    0     97     72      -      0      0      0      0      0      0  13365   2272      0      0  89162  89163      0      -      -      0      0      2 
    1     87     70      -      0      0      0      0      0      0  13365   2272      0      0  89164  89165      0      -      -      0      0      0 
    2     85     72      -      0      0      0      0      0      0  13365   2272      0      0  89166  89167      0      -      -      0      0      0 
    3     82     67      -      0      0      0      0      0      0  13365   2272      0      0  89166  89167      0      -      -      0      0      0 
    0     22     67      -      0      0      0      0      0      0    405    180      0      0  89162  89163      0      -      -      0      0      0 
    1     19     65      -      0      0      0      0      0      0    405    180      0      0  89164  89165      0      -      -      0      0      2 
    2     17     67      -      0      0      0      0      0      0    405    180      0      0  89166  89167      0      -      -      0      0      0 
    3     14     62      -      0      0      0      0      0      0    405    180      0      0  89166  89167      0      -      -      0      0      0 
    0     19     64      -      0      0      0      0      0      0    405    180      0      0  89162  89163      0      -      -      0      0      0 
    1     18     63      -      0      0      0      0      0      0    405    180      0      0  89164  89165      0      -      -      0      0      0 
    2     14     65      -      0      0      0      0      0      0    405    180      0      0  89166  89167      0      -      -      0      0      1 
    3     14     60      -      0      0      0      0      0      0    405    180      0      0  89166  89167      0      -      -      0      0      1 
    0     17     62      -      0      0      0      0      0      0    405    180      0      0  89162  89163      0      -      -      0      0      2 
    1     17     61      -      0      0      0      0      0      0    405    180      0      0  89164  89165      0      -      -      0      0      0 
    2     13     63      -      0      0      0      0      0      0    405    180      0      0  89166  89167      0      -      -      0      0      0 
    3     13     58      -      0      0      0      0      0      0    405    180      0      0  89166  89167      0      -      -      0      0      0 
    0     17     60      -      0      0      0      0      0      0    405    180      0      0  89162  89163      0      -      -      0      0      0 
    1     17     59      -      0      0      0      0      0      0    405    180      0      0  89164  89165      0      -      -      0      0      3 
    2     12     61      -      0      0      0      0      0      0    405    180      0      0  89166  89167      0      -      -      0      0      2 
    3     12     56      -      0      0      0      0      0      0    405    180      0      0  89166  89167      0      -      -      0      0      0 
    0     83     62      -      0      0      0      0      0      0  13365   2272      0      0  89162  89163      0      -      -      0      0      0 
    1     75     60      -      0      0      0      0      0      0  13365   2272      0      0  89164  89165      0      -      -      0      0      0 
    2     72     62      -      0      0      0      0      0      0  13365   2272      0      0  89166  89167      0      -      -      0      0      0 
    3     74     58      -      0      0      0      0      0      0  13365   2272      0      0  89166  89167      0      -      -      0      0      0 
# gpu    pwr  gtemp  mtemp     sm    mem    enc    dec    jpg    ofa   mclk   pclk  pviol  tviol     fb   bar1   ccpm  sbecc  dbecc    pci  rxpci  txpci 
# Idx      W      C      C      %      %      %      %      %      %    MHz    MHz      %   bool     MB     MB     MB   errs   errs   errs   MB/s   MB/s 
    0     83     62      -      0      0      0      0      0      0  13365   2272      0      0  89162  89163      0      -      -      0      0      0 
    1     74     60      -      0      0      0      0      0      0  13365   2272      0      0  89164  89165      0      -      -      0      0      0 
    2     72     62      -      0      0      0      0      0      0  13365   2272      0      0  89166  89167      0      -      -      0      0      0 
    3     74     58      -      0      0      0      0      0      0  13365   2272      0      0  89166  89167      0      -      -      0      0      2 
    0    248     69      -     99     44      0      0      0      0  13365   2235      0      0  89162  89163      0      -      -      0   3136   2161 
    1    235     68      -     99     50      0      0      0      0  13365   2220      0      0  89164  89165      0      -      -      0   4023   2366 
    2    232     69      -     99     49      0      0      0      0  13365   2242      0      0  89166  89167      0      -      -      0   2694   2200 
    3    226     64      -     99     48      0      0      0      0  13365   2242      0      0  89166  89167      0      -      -      0   3575   2337 
    0    230     72      -     98     39      0      0      0      0  13365   2257      0      0  89162  89163      0      -      -      0    828    517 
    1    211     71      -     98     45      0      0      0      0  13365   2257      0      0  89164  89165      0      -      -      0    920    550 
    2    210     72      -     99     44      0      0      0      0  13365   2265      0      0  89166  89167      0      -      -      0    730    521 
    3    208     67      -     98     42      0      0      0      0  13365   2265      0      0  89166  89167      0      -      -      0    944    537 
    0     92     68      -      0      0      0      0      0      0  13365   2272      0      0  89162  89163      0      -      -      0      0      1 
    1     82     66      -      0      0      0      0      0      0  13365   2272      0      0  89164  89165      0      -      -      0      0      0 
    2     80     68      -      0      0      0      0      0      0  13365   2272      0      0  89166  89167      0      -      -      0      0      2 
    3     78     63      -      0      0      0      0      0      0  13365   2272      0      0  89166  89167      0      -      -      0      0      0 
    0     22     65      -      0      0      0      0      0      0    405    180      0      0  89162  89163      0      -      -      0      0      0 
    1     22     64      -      0      0      0      0      0      0    405    180      0      0  89164  89165      0      -      -      0      0      2 
    2     13     65      -      0      0      0      0      0      0    405    180      0      0  89166  89167      0      -      -      0      0      0 
    3     16     60      -      0      0      0      0      0      0    405    180      0      0  89166  89167      0      -      -      0      0      0 
    0     87     65      -      0      0      0      0      0      0  13365   2272      0      0  89162  89163      0      -      -      0      0      0 
    1     79     64      -      0      0      0      0      0      0  13365   2272      0      0  89164  89165      0      -      -      0      0      0 
    2     76     65      -      0      0      0      0      0      0  13365   2272      0      0  89166  89167      0      -      -      0      0      0 
    3     77     61      -      0      0      0      0      0      0  13365   2272      0      0  89166  89167      0      -      -      0      0      2 
    0     87     65      -      0      0      0      0      0      0  13365   2272      0      0  89162  89163      0      -      -      0      0      0 
    1     78     64      -      0      0      0      0      0      0  13365   2272      0      0  89164  89165      0      -      -      0      0      1 
    2     75     65      -      0      0      0      0      0      0  13365   2272      0      0  89166  89167      0      -      -      0      0      0 
    3     76     60      -      0      0      0      0      0      0  13365   2272      0      0  89166  89167      0      -      -      0      0      0 
    0     17     61      -      0      0      0      0      0      0    405    180      0      0  89162  89163      0      -      -      0      0      0 
    1     16     60      -      0      0      0      0      0      0    405    180      0      0  89164  89165      0      -      -      0      0      0 
    2     13     62      -      0      0      0      0      0      0    405    180      0      0  89166  89167      0      -      -      0      0      2 
    3     12     57      -      0      0      0      0      0      0    405    180      0      0  89166  89167      0      -      -      0      0      0 
    0     17     59      -      0      0      0      0      0      0    405    180      0      0  89162  89163      0      -      -      0      0      0 
    1     16     59      -      0      0      0      0      0      0    405    180      0      0  89164  89165      0      -      -      0      0      0 
    2     11     60      -      0      0      0      0      0      0    405    180      0      0  89166  89167      0      -      -      0      0      0 
    3     11     56      -      0      0      0      0      0      0    405    180      0      0  89166  89167      0      -      -      0      0      0 
    0     17     58      -      0      0      0      0      0      0    405    180      0      0  89162  89163      0      -      -      0      0      0 
    1     16     57      -      0      0      0      0      0      0    405    180      0      0  89164  89165      0      -      -      0      0      0 
    2     12     59      -      0      0      0      0      0      0    405    180      0      0  89166  89167      0      -      -      0      0      1 
    3     10     54      -      0      0      0      0      0      0    405    180      0      0  89166  89167      0      -      -      0      0      2 
    0     16     56      -      0      0      0      0      0      0    405    180      0      0  89162  89163      0      -      -      0      0      2 
    1     16     56      -      0      0      0      0      0      0    405    180      0      0  89164  89165      0      -      -      0      0      0 
    2     11     57      -      0      0      0      0      0      0    405    180      0      0  89166  89167      0      -      -      0      0      0 
    3     10     53      -      0      0      0      0      0      0    405    180      0      0  89166  89167      0      -      -      0      0      0 
# gpu    pwr  gtemp  mtemp     sm    mem    enc    dec    jpg    ofa   mclk   pclk  pviol  tviol     fb   bar1   ccpm  sbecc  dbecc    pci  rxpci  txpci 
# Idx      W      C      C      %      %      %      %      %      %    MHz    MHz      %   bool     MB     MB     MB   errs   errs   errs   MB/s   MB/s 
    0     79     58      -      0      0      0      0      0      0  13365   2272      0      0  89162  89163      0      -      -      0      0      1 
    1     72     57      -      0      0      0      0      0      0  13365   2272      0      0  89164  89165      0      -      -      0      0      2 
    2     68     59      -      0      0      0      0      0      0  13365   2272      0      0  89166  89167      0      -      -      0      0      0 
    3     72     55      -      0      0      0      0      0      0  13365   2272      0      0  89166  89167      0      -      -      0      0      0 
    0    190     61      -    100     20      0      0      0      0  13365   2160      0      0  89162  89163      0      -      -      0  13320  18752 
    1    180     61      -    100     19      0      0      0      0  13365   2137      1      0  89164  89165      0      -      -      0  13510  17968 
    2    180     64      -    100     19      0      0      0      0  13365   2152      0      0  89166  89167      0      -      -      0  13699  14821 
    3    175     58      -    100     18      0      0      0      0  13365   2152      0      0  89166  89167      0      -      -      0  13118  17337 
    0     82     60      -      0      0      0      0      0      0  13365   2272      0      0  89162  89163      0      -      -      0      0      0 
    1     73     60      -      0      0      0      0      0      0  13365   2272      0      0  89164  89165      0      -      -      0      0      0 
    2     70     61      -      0      0      0      0      0      0  13365   2272      0      0  89166  89167      0      -      -      0      0      0 
    3     73     57      -      0      0      0      0      0      0  13365   2272      0      0  89166  89167      0      -      -      0      0      0 
    0     82     60      -      0      0      0      0      0      0  13365   2272      0      0  89162  89163      0      -      -      0      0      0 
    1     73     60      -      0      0      0      0      0      0  13365   2272      0      0  89164  89165      0      -      -      0      0      0 
    2     70     61      -      0      0      0      0      0      0  13365   2272      0      0  89166  89167      0      -      -      0      0      0 
    3     73     57      -      0      0      0      0      0      0  13365   2272      0      0  89166  89167      0      -      -      0      0      2 
    0    108     62      -     98     35      0      0      0      0  13365   2227      0      0  89162  89163      0      -      -      0    731    504 
    1    174     62      -     98     42      0      0      0      0  13365   2257      0      0  89164  89165      0      -      -      0    908    517 
    2    179     63      -     98     41      0      0      0      0  13365   2272      0      0  89166  89167      0      -      -      0    739    485 
    3    181     59      -     98     40      0      0      0      0  13365   2272      0      0  89166  89167      0      -      -      0    856    490 
    0    215     67      -     98     36      0      0      0      0  13365   2280      0      0  89162  89163      0      -      -      0    806    506 
    1    198     66      -     98     42      0      0      0      0  13365   2272      0      0  89164  89165      0      -      -      0   1003    522 
    2    200     67      -     98     41      0      0      0      0  13365   2280      0      0  89166  89167      0      -      -      0    721    487 
    3    195     63      -     98     40      0      0      0      0  13365   2272      0      0  89166  89167      0      -      -      0    807    504 
    0    213     70      -     98     35      0      0      0      0  13365   2272      0      0  89162  89163      0      -      -      0   1068    787 
    1    197     69      -     98     42      0      0      0      0  13365   2257      0      0  89164  89165      0      -      -      0   1443    846 
    2    196     70      -     99     40      0      0      0      0  13365   2272      0      0  89166  89167      0      -      -      0   1015    753 
    3    195     66      -     99     40      0      0      0      0  13365   2265      0      0  89166  89167      0      -      -      0   1275    825 
    0    216     73      -     98     35      0      0      0      0  13365   2175      0      0  89162  89163      0      -      -      0   1110    778 
    1    201     72      -     98     40      0      0      0      0  13365   2182      0      0  89164  89165      0      -      -      0   1458    823 
    2    203     73      -     99     19      0      0      0      0  13365   2175      0      0  89166  89167      0      -      -      0   1121    799 
    3    199     69      -     99     18      0      0      0      0  13365   2235      0      0  89166  89167      0      -      -      0   1351    816 
    0    228     75      -     98     35      0      0      0      0  13365   2287      0      0  89162  89163      0      -      -      0    834    501 
    1    208     74      -     98     43      0      0      0      0  13365   2265      0      0  89164  89165      0      -      -      0    939    530 
    2    212     75      -     98     42      0      0      0      0  13365   2280      0      0  89166  89167      0      -      -      0    734    480 
    3    206     71      -     98     41      0      0      0      0  13365   2272      0      0  89166  89167      0      -      -      0    864    513 
    0    190     77      -     98     35      0      0      0      0  13365   2287      0      0  89162  89163      0      -      -      0    755    503 
    1    185     75      -     98     42      0      0      0      0  13365   2257      0      0  89164  89165      0      -      -      0    987    525 
    2    189     77      -     98     41      0      0      0      0  13365   2280      0      0  89166  89167      0      -      -      0    739    502 
    3    174     73      -      0      0      0      0      0      0  13365   2182      0      0  89166  89167      0      -      -      0    894    530 
    0     97     72      -      0      0      0      0      0      0  13365   2272      0      0  89162  89163      0      -      -      0      0      0 
    1     87     71      -      0      0      0      0      0      0  13365   2272      0      0  89164  89165      0      -      -      0      0      2 
    2     85     72      -      0      0      0      0      0      0  13365   2272      0      0  89166  89167      0      -      -      0      0      0 
    3     82     68      -      0      0      0      0      0      0  13365   2272      0      0  89166  89167      0      -      -      0      0      0 
# gpu    pwr  gtemp  mtemp     sm    mem    enc    dec    jpg    ofa   mclk   pclk  pviol  tviol     fb   bar1   ccpm  sbecc  dbecc    pci  rxpci  txpci 
# Idx      W      C      C      %      %      %      %      %      %    MHz    MHz      %   bool     MB     MB     MB   errs   errs   errs   MB/s   MB/s 
    0     44     68      -      0      0      0      0      0      0    810    360      0      0  89162  89163      0      -      -      0      0      1 
    1     70     68      -      0      0      0      0      0      0    810    487      0      0  89164  89165      0      -      -      0      0      0 
    2     83     70      -      0      0      0      0      0      0    810   2272      0      0  89166  89167      0      -      -      0      0      0 
    3     67     65      -      0      0      0      0      0      0    810    442      0      0  89166  89167      0      -      -      0      0      0 
    0     94     68      -      0      0      0      0      0      0  13365   2317      0      0  89162  89163      0      -      -      0      0      1 
    1     84     66      -      0      0      0      0      0      0  13365   2287      0      0  89164  89165      0      -      -      0      0      0 
    2     84     69      -      0      0      0      0      0      0  13365   2317      0      0  89166  89167      0      -      -      0      0      0 
    3     81     64      -      0      0      0      0      0      0  13365   2302      0      0  89166  89167      0      -      -      0      0      2 
    0    226     71      -     98     37      0      0      0      0  13365   2280      0      0  89162  89163      0      -      -      0      0      2 
    1    206     69      -     98     44      0      0      0      0  13365   2265      0      0  89164  89165      0      -      -      0   8869  12027 
    2    210     71      -     98     43      0      0      0      0  13365   2280      0      0  89166  89167      0      -      -      0   9954  12572 
    3    205     67      -     98     42      0      0      0      0  13365   2272      0      0  89166  89167      0      -      -      0  10457  12799 
    0    231     74      -     98     37      0      0      0      0  13365   2280      0      0  89162  89163      0      -      -      0    805    512 
    1    198     72      -     98     44      0      0      0      0  13365   2265      0      0  89164  89165      0      -      -      0    966    533 
    2    214     74      -     98     43      0      0      0      0  13365   2280      0      0  89166  89167      0      -      -      0    796    509 
    3    208     69      -     98     42      0      0      0      0  13365   2272      0      0  89166  89167      0      -      -      0    900    528 
    0    198     75      -    100     19      0      0      0      0  13365   2152      0      0  89162  89163      0      -      -      0  15539  16935 
    1    185     73      -    100     18      0      0      0      0  13365   2145      0      0  89164  89165      0      -      -      0   9849  16189 
    2    187     76      -    100     18      0      0      0      0  13365   2160      0      0  89166  89167      0      -      -      0   9381  11620 
    3    186     71      -    100     18      0      0      0      0  13365   2160      0      0  89166  89167      0      -      -      0   9854  12099 
    0    118     74      -      0      0      0      0      0      0  13365   2332      0      0  89162  89163      0      -      -      0      0      0 
    1    102     72      -      0      0      0      0      0      0  13365   2302      0      0  89164  89165      0      -      -      0      0      0 
    2    111     74      -      0      0      0      0      0      0  13365   2317      0      0  89166  89167      0      -      -      0      0      0 
    3    106     70      -      0      0      0      0      0      0  13365   2317      0      0  89166  89167      0      -      -      0      0      2 
    0    103     73      -      0      0      0      0      0      0  13365   2332      0      0  89162  89163      0      -      -      0      0      2 
    1    111     72      -      0      0      0      0      0      0  13365   2302      0      0  89164  89165      0      -      -      0      0      0 
    2    109     74      -      0      0      0      0      0      0  13365   2317      0      0  89166  89167      0      -      -      0      0      1 
    3     92     69      -      0      0      0      0      0      0  13365   2317      0      0  89166  89167      0      -      -      0      0      0 
    0    112     72      -      0      0      0      0      0      0  13365   2332      0      0  89162  89163      0      -      -      0      0      0 
    1    106     70      -      0      0      0      0      0      0  13365   2302      0      0  89164  89165      0      -      -      0      0      2 
    2     86     72      -      0      0      0      0      0      0  13365   2317      0      0  89166  89167      0      -      -      0      0      0 
    3     83     68      -      0      0      0      0      0      0  13365   2317      0      0  89166  89167      0      -      -      0      0      0 
    0     94     70      -      0      0      0      0      0      0  13365   2272      0      0  89162  89163      0      -      -      0      0      0 
    1     85     68      -      0      0      0      0      0      0  13365   2272      0      0  89164  89165      0      -      -      0      0      0 
    2     83     70      -      0      0      0      0      0      0  13365   2272      0      0  89166  89167      0      -      -      0      0      0 
    3     80     66      -      0      0      0      0      0      0  13365   2272      0      0  89166  89167      0      -      -      0      0      0 
    0    232     75      -     98     37      0      0      0      0  13365   2280      0      0  89162  89163      0      -      -      0    909    530 
    1    213     73      -     98     45      0      0      0      0  13365   2265      0      0  89164  89165      0      -      -      0    871    540 
    2    218     75      -     98     43      0      0      0      0  13365   2280      0      0  89166  89167      0      -      -      0    771    508 
    3    211     70      -     98     43      0      0      0      0  13365   2272      0      0  89166  89167      0      -      -      0    894    547 
    0    236     77      -     98     37      0      0      0      0  13365   2287      0      0  89162  89163      0      -      -      0    831    524 
    1    216     76      -     98     45      0      0      0      0  13365   2265      0      0  89164  89165      0      -      -      0    958    554 
    2    223     77      -     98     43      0      0      0      0  13365   2280      0      0  89166  89167      0      -      -      0    742    513 
    3    214     73      -     98     42      0      0      0      0  13365   2272      0      0  89166  89167      0      -      -      0    913    531 
# gpu    pwr  gtemp  mtemp     sm    mem    enc    dec    jpg    ofa   mclk   pclk  pviol  tviol     fb   bar1   ccpm  sbecc  dbecc    pci  rxpci  txpci 
# Idx      W      C      C      %      %      %      %      %      %    MHz    MHz      %   bool     MB     MB     MB   errs   errs   errs   MB/s   MB/s 
    0    126     75      -      0      0      0      0      0      0  13365   2332      0      0  89162  89163      0      -      -      0      0      1 
    1    108     74      -      0      0      0      0      0      0  13365   2302      0      0  89164  89165      0      -      -      0      0      0 
    2    105     76      -      0      0      0      0      0      0  13365   2317      0      0  89166  89167      0      -      -      0      0      2 
    3     89     71      -      0      0      0      0      0      0  13365   2317      0      0  89166  89167      0      -      -      0      0      0 
    0     96     72      -      0      0      0      0      0      0  13365   2272      0      0  89162  89163      0      -      -      0      0      0 
    1     87     71      -      0      0      0      0      0      0  13365   2272      0      0  89164  89165      0      -      -      0      0      2 
    2     85     73      -      0      0      0      0      0      0  13365   2272      0      0  89166  89167      0      -      -      0      0      0 
    3     82     68      -      0      0      0      0      0      0  13365   2272      0      0  89166  89167      0      -      -      0      0      0 
    0    109     71      -      0      0      0      0      0      0  13365   2332      0      0  89162  89163      0      -      -      0      0      0 
    1    104     69      -      0      0      0      0      0      0  13365   2302      0      0  89164  89165      0      -      -      0      0      0 
    2    102     71      -      0      0      0      0      0      0  13365   2317      0      0  89166  89167      0      -      -      0      0      0 
    3     95     67      -      0      0      0      0      0      0  13365   2317      0      0  89166  89167      0      -      -      0      0      2 
    0     93     69      -      0      0      0      0      0      0  13365   2272      0      0  89162  89163      0      -      -      0      0      0 
    1     84     68      -      0      0      0      0      0      0  13365   2272      0      0  89164  89165      0      -      -      0      0      1 
    2     83     70      -      0      0      0      0      0      0  13365   2272      0      0  89166  89167      0      -      -      0      0      0 
    3     80     65      -      0      0      0      0      0      0  13365   2272      0      0  89166  89167      0      -      -      0      0      0 
    0     20     65      -      0      0      0      0      0      0    405    180      0      0  89162  89163      0      -      -      0      0      0 
    1     18     64      -      0      0      0      0      0      0    405    180      0      0  89164  89165      0      -      -      0      0      0 
    2     15     66      -      0      0      0      0      0      0    405    180      0      0  89166  89167      0      -      -      0      0      2 
    3     13     61      -      0      0      0      0      0      0    405    180      0      0  89166  89167      0      -      -      0      0      0 
    0     18     62      -      0      0      0      0      0      0    405    180      0      0  89162  89163      0      -      -      0      0      0 
    1     17     61      -      0      0      0      0      0      0    405    180      0      0  89164  89165      0      -      -      0      0      0 
    2     13     63      -      0      0      0      0      0      0    405    180      0      0  89166  89167      0      -      -      0      0      0 
    3     13     59      -      0      0      0      0      0      0    405    180      0      0  89166  89167      0      -      -      0      0      0 
    0     17     60      -      0      0      0      0      0      0    405    180      0      0  89162  89163      0      -      -      0      0      0 
    1     17     59      -      0      0      0      0      0      0    405    180      0      0  89164  89165      0      -      -      0      0      0 
    2     12     61      -      0      0      0      0      0      0    405    180      0      0  89166  89167      0      -      -      0      0      0 
    3     12     57      -      0      0      0      0      0      0    405    180      0      0  89166  89167      0      -      -      0      0      3 
    0     18     59      -      0      0      0      0      0      0    405    180      0      0  89162  89163      0      -      -      0      0      2 
    1     17     58      -      0      0      0      0      0      0    405    180      0      0  89164  89165      0      -      -      0      0      0 
    2     11     60      -      0      0      0      0      0      0    405    180      0      0  89166  89167      0      -      -      0      0      0 
    3     11     55      -      0      0      0      0      0      0    405    180      0      0  89166  89167      0      -      -      0      0      0 
    0    114     60      -      0      0      0      0      0      0  13365   2332      0      0  89162  89163      0      -      -      0      0      0 
    1     88     59      -      0      0      0      0      0      0  13365   2295      0      0  89164  89165      0      -      -      0      0      2 
    2     87     61      -      0      0      0      0      0      0  13365   2317      0      0  89166  89167      0      -      -      0      0      0 
    3     94     57      -      0      0      0      0      0      0  13365   2317      0      0  89166  89167      0      -      -      0      0      0 
    0     81     60      -      0      0      0      0      0      0  13365   2272      0      0  89162  89163      0      -      -      0      0      0 
    1     73     59      -      0      0      0      0      0      0  13365   2272      0      0  89164  89165      0      -      -      0      0      0 
    2     71     61      -      0      0      0      0      0      0  13365   2272      0      0  89166  89167      0      -      -      0      0      0 
    3     73     57      -      0      0      0      0      0      0  13365   2272      0      0  89166  89167      0      -      -      0      0      0 
    0     17     58      -      0      0      0      0      0      0    405    180      0      0  89162  89163      0      -      -      0      0      0 
    1     17     57      -      0      0      0      0      0      0    405    180      0      0  89164  89165      0      -      -      0      0      0 
    2     12     59      -      0      0      0      0      0      0    405    180      0      0  89166  89167      0      -      -      0      0      0 
    3     10     55      -      0      0      0      0      0      0    405    180      0      0  89166  89167      0      -      -      0      0      2 
# gpu    pwr  gtemp  mtemp     sm    mem    enc    dec    jpg    ofa   mclk   pclk  pviol  tviol     fb   bar1   ccpm  sbecc  dbecc    pci  rxpci  txpci 
# Idx      W      C      C      %      %      %      %      %      %    MHz    MHz      %   bool     MB     MB     MB   errs   errs   errs   MB/s   MB/s 
    0     16     57      -      0      0      0      0      0      0    405    180      0      0  89162  89163      0      -      -      0      0      2 
    1     16     56      -      0      0      0      0      0      0    405    180      0      0  89164  89165      0      -      -      0      0      0 
    2     11     58      -      0      0      0      0      0      0    405    180      0      0  89166  89167      0      -      -      0      0      2 
    3      9     53      -      0      0      0      0      0      0    405    180      0      0  89166  89167      0      -      -      0      0      0 
    0     16     56      -      0      0      0      0      0      0    405    180      0      0  89162  89163      0      -      -      0      0      0 
    1     15     55      -      0      0      0      0      0      0    405    180      0      0  89164  89165      0      -      -      0      0      2 
    2     11     56      -      0      0      0      0      0      0    405    180      0      0  89166  89167      0      -      -      0      0      0 
    3      9     52      -      0      0      0      0      0      0    405    180      0      0  89166  89167      0      -      -      0      0      0 
    0    176     61      -     98     38      0      0      0      0  13365   2280      0      0  89162  89163      0      -      -      0    778    522 
    1    167     60      -     98     46      0      0      0      0  13365   2257      0      0  89164  89165      0      -      -      0    933    534 
    2    200     61      -     98     44      0      0      0      0  13365   2272      0      0  89166  89167      0      -      -      0    792    516 
    3    196     57      -     98     43      0      0      0      0  13365   2272      0      0  89166  89167      0      -      -      0    897    539 
    0    180     62      -      0      0      0      0      0      0  13365   2332      0      0  89162  89163      0      -      -      0      0      0 
    1    159     61      -      0      0      0      0      0      0  13365   2295      0      0  89164  89165      0      -      -      0      0      0 
    2    199     65      -     98     43      0      0      0      0  13365   2280      0      0  89166  89167      0      -      -      0      0      0 
    3    187     59      -     98     42      0      0      0      0  13365   2265      0      0  89166  89167      0      -      -      0      0      2 
    0    211     65      -     98     38      0      0      0      0  13365   2280      0      0  89162  89163      0      -      -      0    835    515 
    1    196     64      -     98     45      0      0      0      0  13365   2265      0      0  89164  89165      0      -      -      0   1000    549 
    2    200     65      -     98     44      0      0      0      0  13365   2272      0      0  89166  89167      0      -      -      0    785    522 
    3    199     61      -     98     43      0      0      0      0  13365   2272      0      0  89166  89167      0      -      -      0    913    524 
    0    224     69      -     98     38      0      0      0      0  13365   2287      0      0  89162  89163      0      -      -      0    826    544 
    1    207     68      -     98     46      0      0      0      0  13365   2272      0      0  89164  89165      0      -      -      0    950    557 
    2    212     69      -     98     44      0      0      0      0  13365   2280      0      0  89166  89167      0      -      -      0    772    506 
    3    206     65      -     98     43      0      0      0      0  13365   2280      0      0  89166  89167      0      -      -      0    872    527 
    0     88     65      -      0      0      0      0      0      0  13365   2272      0      0  89162  89163      0      -      -      0      0      0 
    1     80     64      -      0      0      0      0      0      0  13365   2272      0      0  89164  89165      0      -      -      0      0      0 
    2     77     66      -      0      0      0      0      0      0  13365   2272      0      0  89166  89167      0      -      -      0      0      0 
    3     77     62      -      0      0      0      0      0      0  13365   2272      0      0  89166  89167      0      -      -      0      0      0 
    0    158     69      -     40     16      0      0      0      0  13365   2332      0      0  89162  89163      0      -      -      0  11530  14113 
    1    145     68      -      0      0      0      0      0      0  13365   2302      0      0  89164  89165      0      -      -      0  11321  13401 
    2    133     69      -      0      0      0      0      0      0  13365   2317      0      0  89166  89167      0      -      -      0  10793  13581 
    3    109     67      -      0      0      0      0      0      0  13365   2317      0      0  89166  89167      0      -      -      0   9537    532 
    0     92     68      -      0      0      0      0      0      0  13365   2272      0      0  89162  89163      0      -      -      0      0      0 
    1     83     67      -      0      0      0      0      0      0  13365   2272      0      0  89164  89165      0      -      -      0      0      1 
    2     82     68      -      0      0      0      0      0      0  13365   2272      0      0  89166  89167      0      -      -      0      0      0 
    3     79     64      -      0      0      0      0      0      0  13365   2272      0      0  89166  89167      0      -      -      0      0      2 
    0    220     72      -     98     37      0      0      0      0  13365   2265      0      0  89162  89163      0      -      -      0   1156    826 
    1    207     71      -     98     45      0      0      0      0  13365   2257      0      0  89164  89165      0      -      -      0   1430    572 
    2    207     72      -     98     43      0      0      0      0  13365   2265      0      0  89166  89167      0      -      -      0    784    512 
    3    205     68      -     98     42      0      0      0      0  13365   2265      0      0  89166  89167      0      -      -      0    897    520 
    0    235     75      -     98     38      0      0      0      0  13365   2287      0      0  89162  89163      0      -      -      0    943    540 
    1    217     73      -     98     46      0      0      0      0  13365   2272      0      0  89164  89165      0      -      -      0    937    548 
    2    221     75      -     98     45      0      0      0      0  13365   2280      0      0  89166  89167      0      -      -      0    778    511 
    3    214     70      -     98     43      0      0      0      0  13365   2280      0      0  89166  89167      0      -      -      0    874    532 
# gpu    pwr  gtemp  mtemp     sm    mem    enc    dec    jpg    ofa   mclk   pclk  pviol  tviol     fb   bar1   ccpm  sbecc  dbecc    pci  rxpci  txpci 
# Idx      W      C      C      %      %      %      %      %      %    MHz    MHz      %   bool     MB     MB     MB   errs   errs   errs   MB/s   MB/s 
    0    177     77      -    100     15      0      0      0      0  13365   2137      0      0  89162  89163      0      -      -      0    778    496 
    1    163     75      -    100     16      0      0      0      0  13365   2190      0      0  89164  89165      0      -      -      0    853    525 
    2    135     76      -    100     15      0      0      0      0  13365   2152      0      0  89166  89167      0      -      -      0    779    494 
    3    139     72      -    100     16      0      0      0      0  13365   2160      0      0  89166  89167      0      -      -      0    813    523 
    0    237     78      -     98     36      0      0      0      0  13365   2287      0      0  89162  89163      0      -      -      0    802    496 
    1    217     77      -     98     44      0      0      0      0  13365   2272      0      0  89164  89165      0      -      -      0    880    535 
    2    222     78      -     98     42      0      0      0      0  13365   2280      0      0  89166  89167      0      -      -      0    696    481 
    3    215     74      -     98     41      0      0      0      0  13365   2280      0      0  89166  89167      0      -      -      0    833    489 
    0    239     80      -     98     36      0      0      0      0  13365   2280      0      0  89162  89163      0      -      -      0    810    515 
    1    219     78      -     98     44      0      0      0      0  13365   2272      0      0  89164  89165      0      -      -      0    963    521 
    2    225     80      -     98     42      0      0      0      0  13365   2280      0      0  89166  89167      0      -      -      0    734    484 
    3    217     75      -     98     41      0      0      0      0  13365   2280      0      0  89166  89167      0      -      -      0    876    519 
    0     99     76      -      0      0      0      0      0      0  13365   2272      0      0  89162  89163      0      -      -      0      0      1 
    1     90     74      -      0      0      0      0      0      0  13365   2272      0      0  89164  89165      0      -      -      0      0      0 
    2     87     76      -      0      0      0      0      0      0  13365   2272      0      0  89166  89167      0      -      -      0      0      2 
    3     85     71      -      0      0      0      0      0      0  13365   2272      0      0  89166  89167      0      -      -      0      0      0 
    0    231     78      -     98     35      0      0      0      0  13365   2272      0      0  89162  89163      0      -      -      0   1018    751 
    1    213     76      -     99     42      0      0      0      0  13365   2257      0      0  89164  89165      0      -      -      0   1448    848 
    2    214     78      -     99     41      0      0      0      0  13365   2272      0      0  89166  89167      0      -      -      0   1116    519 
    3    208     73      -     99     40      0      0      0      0  13365   2265      0      0  89166  89167      0      -      -      0    839    496 
    0     98     73      -      0      0      0      0      0      0  13365   2272      0      0  89162  89163      0      -      -      0      0      0 
    1     88     72      -      0      0      0      0      0      0  13365   2272      0      0  89164  89165      0      -      -      0      0      0 
    2     86     74      -      0      0      0      0      0      0  13365   2272      0      0  89166  89167      0      -      -      0      0      0 
    3     83     69      -      0      0      0      0      0      0  13365   2272      0      0  89166  89167      0      -      -      0      0      0 
    0     95     71      -      0      0      0      0      0      0  13365   2272      0      0  89162  89163      0      -      -      0      0      0 
    1     77     69      -      0      0      0      0      0      0    810    727      0      0  89164  89165      0      -      -      0      0      0 
    2     84     71      -      0      0      0      0      0      0  13365   2272      0      0  89166  89167      0      -      -      0      0      0 
    3     68     66      -      0      0      0      0      0      0    810    540      0      0  89166  89167      0      -      -      0      0      0 
    0     21     66      -      0      0      0      0      0      0    405    180      0      0  89162  89163      0      -      -      0      0      0 
    1     19     65      -      0      0      0      0      0      0    405    180      0      0  89164  89165      0      -      -      0      0      0 
    2     16     66      -      0      0      0      0      0      0    405    180      0      0  89166  89167      0      -      -      0      0      0 
    3     14     62      -      0      0      0      0      0      0    405    180      0      0  89166  89167      0      -      -      0      0      2 
    0     19     63      -      0      0      0      0      0      0    405    180      0      0  89162  89163      0      -      -      0      0      0 
    1     18     62      -      0      0      0      0      0      0    405    180      0      0  89164  89165      0      -      -      0      0      2 
    2     14     64      -      0      0      0      0      0      0    405    180      0      0  89166  89167      0      -      -      0      0      2 
    3     14     60      -      0      0      0      0      0      0    405    180      0      0  89166  89167      0      -      -      0      0      0 
    0     18     61      -      0      0      0      0      0      0    405    180      0      0  89162  89163      0      -      -      0      0      0 
    1     16     60      -      0      0      0      0      0      0    405    180      0      0  89164  89165      0      -      -      0      0      0 
    2     13     62      -      0      0      0      0      0      0    405    180      0      0  89166  89167      0      -      -      0      0      0 
    3     13     58      -      0      0      0      0      0      0    405    180      0      0  89166  89167      0      -      -      0      0      0 
    0     18     59      -      0      0      0      0      0      0    405    180      0      0  89162  89163      0      -      -      0    830    527 
    1     23     61      -     92     33      0      0      0      0  13365    600      0      0  89164  89165      0      -      -      0    950    560 
    2     28     63      -     98     42      0      0      0      0  13365   1515      0      0  89166  89167      0      -      -      0    795    516 
    3     32     59      -     98     42      0      0      0      0  13365    562      0      0  89166  89167      0      -      -      0    863    554 
# gpu    pwr  gtemp  mtemp     sm    mem    enc    dec    jpg    ofa   mclk   pclk  pviol  tviol     fb   bar1   ccpm  sbecc  dbecc    pci  rxpci  txpci 
# Idx      W      C      C      %      %      %      %      %      %    MHz    MHz      %   bool     MB     MB     MB   errs   errs   errs   MB/s   MB/s 
    0     83     61      -      0      0      0      0      0      0  13365   2272      0      0  89162  89163      0      -      -      0      0      2 
    1     75     60      -      0      0      0      0      0      0  13365   2272      0      0  89164  89165      0      -      -      0      0      0 
    2     71     62      -      0      0      0      0      0      0  13365   2272      0      0  89166  89167      0      -      -      0      0      2 
    3     74     58      -      0      0      0      0      0      0  13365   2272      0      0  89166  89167      0      -      -      0      0      1 
    0     21     59      -      0      0      0      0      0      0    405    195      0      0  89162  89163      0      -      -      0      0      0 
    1     22     59      -      0      0      0      0      0      0    405    180      0      0  89164  89165      0      -      -      0      0      2 
    2     19     60      -      0      0      0      0      0      0    405    180      0      0  89166  89167      0      -      -      0      0      0 
    3     12     56      -      0      0      0      0      0      0    405    180      0      0  89166  89167      0      -      -      0      0      0 
    0     17     58      -      0      0      0      0      0      0    405    180      0      0  89162  89163      0      -      -      0      0      0 
    1     16     57      -      0      0      0      0      0      0    405    180      0      0  89164  89165      0      -      -      0      0      0 
    2     12     59      -      0      0      0      0      0      0    405    180      0      0  89166  89167      0      -      -      0      0      0 
    3     10     55      -      0      0      0      0      0      0    405    180      0      0  89166  89167      0      -      -      0      0      0 
    0     17     57      -      0      0      0      0      0      0    405    180      0      0  89162  89163      0      -      -      0      0      0 
    1     16     56      -      0      0      0      0      0      0    405    180      0      0  89164  89165      0      -      -      0      0      0 
    2     11     58      -      0      0      0      0      0      0    405    180      0      0  89166  89167      0      -      -      0      0      0 
    3      9     53      -      0      0      0      0      0      0    405    180      0      0  89166  89167      0      -      -      0      0      2 
    0     16     55      -      0      0      0      0      0      0    405    180      0      0  89162  89163      0      -      -      0      0      2 
    1     16     55      -      0      0      0      0      0      0    405    180      0      0  89164  89165      0      -      -      0      0      0 
    2     10     57      -      0      0      0      0      0      0    405    180      0      0  89166  89167      0      -      -      0      0      2 
    3      9     52      -      0      0      0      0      0      0    405    180      0      0  89166  89167      0      -      -      0      0      0 
    0     16     54      -      0      0      0      0      0      0    405    180      0      0  89162  89163      0      -      -      0    759    510 
    1     23     56      -      0      0      0      0      0      0  13365    457      0      0  89164  89165      0      -      -      0    865    539 
    2     10     56      -      0      0      0      0      0      0    405    180      0      0  89166  89167      0      -      -      0    770    507 
    3      8     51      -      0      0      0      0      0      0    405    180      0      0  89166  89167      0      -      -      0    800    529 
    0     78     57      -      0      0      0      0      0      0  13365   2272      0      0  89162  89163      0      -      -      0      0      0 
    1     71     57      -      0      0      0      0      0      0  13365   2272      0      0  89164  89165      0      -      -      0      0      0 
    2     68     58      -      0      0      0      0      0      0  13365   2272      0      0  89166  89167      0      -      -      0      0      0 
    3     72     54      -      0      0      0      0      0      0  13365   2272      0      0  89166  89167      0      -      -      0      0      0 
    0     79     58      -      0      0      0      0      0      0    810   2272      0      0  89162  89163      0      -      -      0      0      0 
    1     39     56      -      0      0      0      0      0      0    810    247      0      0  89164  89165      0      -      -      0      0      0 
    2     22     57      -      0      0      0      0      0      0    810    307      0      0  89166  89167      0      -      -      0      0      0 
    3     19     53      -      0      0      0      0      0      0    810    240      0      0  89166  89167      0      -      -      0      0      0 
    0     16     55      -      0      0      0      0      0      0    405    180      0      0  89162  89163      0      -      -      0      0      2 
    1     15     54      -      0      0      0      0      0      0    405    180      0      0  89164  89165      0      -      -      0      0      0 
    2     10     56      -      0      0      0      0      0      0    405    180      0      0  89166  89167      0      -      -      0      0      0 
    3      9     52      -      0      0      0      0      0      0    405    180      0      0  89166  89167      0      -      -      0      0      2 
    0     16     54      -      0      0      0      0      0      0    405    180      0      0  89162  89163      0      -      -      0      0      0 
    1     14     54      -      0      0      0      0      0      0    405    180      0      0  89164  89165      0      -      -      0      0      2 
    2      9     55      -      0      0      0      0      0      0    405    180      0      0  89166  89167      0      -      -      0      0      2 
    3      8     51      -      0      0      0      0      0      0    405    180      0      0  89166  89167      0      -      -      0      0      0 
    0     16     53      -      0      0      0      0      0      0    405    180      0      0  89162  89163      0      -      -      0      0      0 
    1     15     53      -      0      0      0      0      0      0    405    180      0      0  89164  89165      0      -      -      0      0      0 
    2      9     54      -      0      0      0      0      0      0    405    180      0      0  89166  89167      0      -      -      0      0      0 
    3      8     50      -      0      0      0      0      0      0    405    180      0      0  89166  89167      0      -      -      0      0      0 
# gpu    pwr  gtemp  mtemp     sm    mem    enc    dec    jpg    ofa   mclk   pclk  pviol  tviol     fb   bar1   ccpm  sbecc  dbecc    pci  rxpci  txpci 
# Idx      W      C      C      %      %      %      %      %      %    MHz    MHz      %   bool     MB     MB     MB   errs   errs   errs   MB/s   MB/s 
    0     15     53      -      0      0      0      0      0      0    405    180      0      0  89162  89163      0      -      -      0      0      0 
    1     14     52      -      0      0      0      0      0      0    405    180      0      0  89164  89165      0      -      -      0      0      0 
    2      8     54      -      0      0      0      0      0      0    405    180      0      0  89166  89167      0      -      -      0      0      0 
    3      7     49      -      0      0      0      0      0      0    405    180      0      0  89166  89167      0      -      -      0      0      2 
    0     76     55      -      0      0      0      0      0      0  13365   2272      0      0  89162  89163      0      -      -      0      0      2 
    1     70     55      -      0      0      0      0      0      0  13365   2272      0      0  89164  89165      0      -      -      0      0      0 
    2     67     56      -      0      0      0      0      0      0  13365   2272      0      0  89166  89167      0      -      -      0      0      2 
    3     70     51      -      0      0      0      0      0      0  13365   2272      0      0  89166  89167      0      -      -      0      0      0 
    0     53     55      -      0      0      0      0      0      0    810    412      0      0  89162  89163      0      -      -      0      0      0 
    1     23     54      -      0      0      0      0      0      0    405    187      0      0  89164  89165      0      -      -      0      0      2 
    2     36     56      -      0      0      0      0      0      0    810    390      0      0  89166  89167      0      -      -      0      0      3 
    3     70     52      -      0      0      0      0      0      0  13365   2272      0      0  89166  89167      0      -      -      0      0      0 
    0     15     54      -      0      0      0      0      0      0    405    180      0      0  89162  89163      0      -      -      0      0      0 
    1     14     53      -      0      0      0      0      0      0    405    172      0      0  89164  89165      0      -      -      0      0      0 
    2      9     55      -      0      0      0      0      0      0    405    180      0      0  89166  89167      0      -      -      0      0      0 
    3      7     50      -      0      0      0      0      0      0    405    180      0      0  89166  89167      0      -      -      0      0      0 
    0     81     58      -     99     30      0      0      0      0  13365   2152      0      0  89162  89163      0      -      -      0    744    491 
    1     86     57      -     98     44      0      0      0      0  13365   2182      0      0  89164  89165      0      -      -      0    846    518 
    2    161     58      -     98     43      0      0      0      0  13365   2242      0      0  89166  89167      0      -      -      0    755    487 
    3    178     53      -     98     40      0      0      0      0  13365   2257      0      0  89166  89167      0      -      -      0    830    516 
    0    166     60      -     98     36      0      0      0      0  13365   2332      0      0  89162  89163      0      -      -      0      0      2 
    1    140     58      -     85     37      0      0      0      0  13365   2295      0      0  89164  89165      0      -      -      0      0      2 
    2    121     60      -      0      0      0      0      0      0  13365   2317      0      0  89166  89167      0      -      -      0      0      2 
    3    178     55      -      0      0      0      0      0      0  13365   2310      0      0  89166  89167      0      -      -      0      0      0 
    0     81     59      -      0      0      0      0      0      0  13365   2272      0      0  89162  89163      0      -      -      0      0      0 
    1     71     58      -      0      0      0      0      0      0  13365   2272      0      0  89164  89165      0      -      -      0      0      0 
    2     68     60      -      0      0      0      0      0      0  13365   2272      0      0  89166  89167      0      -      -      0      0      0 
    3     71     54      -      0      0      0      0      0      0  13365   2272      0      0  89166  89167      0      -      -      0      0      0 
    0     82     60      -      0      0      0      0      0      0  13365   2272      0      0  89162  89163      0      -      -      0      0      0 
    1     73     58      -      0      0      0      0      0      0  13365   2272      0      0  89164  89165      0      -      -      0      0      0 
    2     69     61      -      0      0      0      0      0      0  13365   2272      0      0  89166  89167      0      -      -      0      0      0 
    3     72     55      -      0      0      0      0      0      0  13365   2272      0      0  89166  89167      0      -      -      0      0      0 
    0     74     60      -      0      0      0      0      0      0    810   1515      0      0  89162  89163      0      -      -      0      0      1 
    1     72     59      -      0      0      0      0      0      0  13365   2272      0      0  89164  89165      0      -      -      0      0      0 
    2     58     60      -      0      0      0      0      0      0    810    577      0      0  89166  89167      0      -      -      0      0      0 
    3     72     56      -      0      0      0      0      0      0  13365   2272      0      0  89166  89167      0      -      -      0      0      0 
    0     17     58      -      0      0      0      0      0      0    405    180      0      0  89162  89163      0      -      -      0      0      2 
    1     16     56      -      0      0      0      0      0      0    405    180      0      0  89164  89165      0      -      -      0      0      0 
    2     12     59      -      0      0      0      0      0      0    405    180      0      0  89166  89167      0      -      -      0      0      0 
    3      9     53      -      0      0      0      0      0      0    405    180      0      0  89166  89167      0      -      -      0      0      0 
    0    125     61      -      0      0      0      0      0      0  13365   2332      0      0  89162  89163      0      -      -      0      0      0 
    1    174     59      -      0      0      0      0      0      0  13365   2287      0      0  89164  89165      0      -      -      0      0      0 
    2    163     62      -      0      0      0      0      0      0  13365   2317      0      0  89166  89167      0      -      -      0      0      0 
    3    143     56      -      0      0      0      0      0      0  13365   2317      0      0  89166  89167      0      -      -      0      0      0 
# gpu    pwr  gtemp  mtemp     sm    mem    enc    dec    jpg    ofa   mclk   pclk  pviol  tviol     fb   bar1   ccpm  sbecc  dbecc    pci  rxpci  txpci 
# Idx      W      C      C      %      %      %      %      %      %    MHz    MHz      %   bool     MB     MB     MB   errs   errs   errs   MB/s   MB/s 
    0     83     61      -      0      0      0      0      0      0  13365   2272      0      0  89162  89163      0      -      -      0      0      0 
    1     73     59      -      0      0      0      0      0      0  13365   2272      0      0  89164  89165      0      -      -      0      0      0 
    2     70     61      -      0      0      0      0      0      0  13365   2272      0      0  89166  89167      0      -      -      0      0      0 
    3     72     56      -      0      0      0      0      0      0  13365   2272      0      0  89166  89167      0      -      -      0      0      0 
    0     19     59      -      0      0      0      0      0      0    405    180      0      0  89162  89163      0      -      -      0      0      0 
    1     16     57      -      0      0      0      0      0      0    405    180      0      0  89164  89165      0      -      -      0      0      1 
    2     11     60      -      0      0      0      0      0      0    405    180      0      0  89166  89167      0      -      -      0      0      0 
    3     10     54      -      0      0      0      0      0      0    405    180      0      0  89166  89167      0      -      -      0      0      2 
    0     83     61      -      0      0      0      0      0      0  13365   2272      0      0  89162  89163      0      -      -      0      0      2 
    1     73     59      -      0      0      0      0      0      0  13365   2272      0      0  89164  89165      0      -      -      0      0      0 
    2     70     62      -      0      0      0      0      0      0  13365   2272      0      0  89166  89167      0      -      -      0      0      0 
    3     73     56      -      0      0      0      0      0      0  13365   2272      0      0  89166  89167      0      -      -      0      0      1 
    0     84     62      -      0      0      0      0      0      0  13365   2272      0      0  89162  89163      0      -      -      0      0      0 
    1     73     59      -      0      0      0      0      0      0  13365   2272      0      0  89164  89165      0      -      -      0      0      2 
    2     35     61      -      0      0      0      0      0      0  13365   2272      0      0  89166  89167      0      -      -      0      0      2 
    3     67     55      -      0      0      0      0      0      0    810   2272      0      0  89166  89167      0      -      -      0      0      0 
    0     18     59      -      0      0      0      0      0      0    405    180      0      0  89162  89163      0      -      -      0      0      0 
    1     16     57      -      0      0      0      0      0      0    405    180      0      0  89164  89165      0      -      -      0      0      0 
    2     12     60      -      0      0      0      0      0      0    405    180      0      0  89166  89167      0      -      -      0      0      0 
    3      9     54      -      0      0      0      0      0      0    405    180      0      0  89166  89167      0      -      -      0      0      0 
    0     18     58      -      0      0      0      0      0      0    405    180      0      0  89162  89163      0      -      -      0      0      0 
    1     16     56      -      0      0      0      0      0      0    405    180      0      0  89164  89165      0      -      -      0      0      0 
    2     11     59      -      0      0      0      0      0      0    405    180      0      0  89166  89167      0      -      -      0      0      0 
    3      9     53      -      0      0      0      0      0      0    405    180      0      0  89166  89167      0      -      -      0      0      2 
    0     17     57      -      0      0      0      0      0      0    405    180      0      0  89162  89163      0      -      -      0      0      0 
    1     15     55      -      0      0      0      0      0      0    405    180      0      0  89164  89165      0      -      -      0      0      2 
    2     11     58      -      0      0      0      0      0      0    405    180      0      0  89166  89167      0      -      -      0      0      2 
    3      8     52      -      0      0      0      0      0      0    405    180      0      0  89166  89167      0      -      -      0      0      0 
    0     17     57      -      0      0      0      0      0      0    405    180      0      0  89162  89163      0      -      -      0      0      0 
    1     15     54      -      0      0      0      0      0      0    405    180      0      0  89164  89165      0      -      -      0      0      1 
    2     10     57      -      0      0      0      0      0      0    405    180      0      0  89166  89167      0      -      -      0      0      0 
    3      8     51      -      0      0      0      0      0      0    405    180      0      0  89166  89167      0      -      -      0      0      0 
    0     80     59      -      0      0      0      0      0      0  13365   2272      0      0  89162  89163      0      -      -      0      0      0 
    1     70     56      -      0      0      0      0      0      0  13365   2272      0      0  89164  89165      0      -      -      0      0      0 
    2     68     59      -      0      0      0      0      0      0  13365   2272      0      0  89166  89167      0      -      -      0      0      0 
    3     71     53      -      0      0      0      0      0      0  13365   2272      0      0  89166  89167      0      -      -      0      0      0 
    0     82     60      -      0      0      0      0      0      0  13365   2272      0      0  89162  89163      0      -      -      0      0      0 
    1     71     57      -      0      0      0      0      0      0  13365   2272      0      0  89164  89165      0      -      -      0      0      0 
    2     69     60      -      0      0      0      0      0      0  13365   2272      0      0  89166  89167      0      -      -      0      0      0 
    3     71     54      -      0      0      0      0      0      0  13365   2272      0      0  89166  89167      0      -      -      0      0      2 
    0     17     57      -      0      0      0      0      0      0    405    180      0      0  89162  89163      0      -      -      0      0      0 
    1     15     55      -      0      0      0      0      0      0    405    180      0      0  89164  89165      0      -      -      0      0      2 
    2     11     58      -      0      0      0      0      0      0    405    180      0      0  89166  89167      0      -      -      0      0      2 
    3      8     51      -      0      0      0      0      0      0    405    172      0      0  89166  89167      0      -      -      0      0      1 
# gpu    pwr  gtemp  mtemp     sm    mem    enc    dec    jpg    ofa   mclk   pclk  pviol  tviol     fb   bar1   ccpm  sbecc  dbecc    pci  rxpci  txpci 
# Idx      W      C      C      %      %      %      %      %      %    MHz    MHz      %   bool     MB     MB     MB   errs   errs   errs   MB/s   MB/s 
    0     17     57      -      0      0      0      0      0      0    405    180      0      0  89162  89163      0      -      -      0      0      0 
    1     15     54      -      0      0      0      0      0      0    405    180      0      0  89164  89165      0      -      -      0      0      0 
    2     11     57      -      0      0      0      0      0      0    405    180      0      0  89166  89167      0      -      -      0      0      0 
    3      8     51      -      0      0      0      0      0      0    405    180      0      0  89166  89167      0      -      -      0      0      0 
    0     16     56      -      0      0      0      0      0      0    405    180      0      0  89162  89163      0      -      -      0      0      0 
    1     15     53      -      0      0      0      0      0      0    405    180      0      0  89164  89165      0      -      -      0      0      0 
    2     11     56      -      0      0      0      0      0      0    405    180      0      0  89166  89167      0      -      -      0      0      0 
    3      8     50      -      0      0      0      0      0      0    405    180      0      0  89166  89167      0      -      -      0      0      2 
    0     16     55      -      0      0      0      0      0      0    405    180      0      0  89162  89163      0      -      -      0      0      0 
    1     14     52      -      0      0      0      0      0      0    405    180      0      0  89164  89165      0      -      -      0      0      2 
    2     11     56      -      0      0      0      0      0      0    405    180      0      0  89166  89167      0      -      -      0      0      0 
    3      8     49      -      0      0      0      0      0      0    405    180      0      0  89166  89167      0      -      -      0      0      0 
    0     79     58      -      0      0      0      0      0      0  13365   2272      0      0  89162  89163      0      -      -      0      0      0 
    1     70     55      -      0      0      0      0      0      0  13365   2272      0      0  89164  89165      0      -      -      0      0      0 
    2     68     58      -      0      0      0      0      0      0  13365   2272      0      0  89166  89167      0      -      -      0      0      2 
    3     70     51      -      0      0      0      0      0      0  13365   2272      0      0  89166  89167      0      -      -      0      0      0 
    0     80     58      -      0      0      0      0      0      0  13365   2272      0      0  89162  89163      0      -      -      0      0      0 
    1     70     55      -      0      0      0      0      0      0  13365   2272      0      0  89164  89165      0      -      -      0      0      0 
    2     68     59      -      0      0      0      0      0      0  13365   2272      0      0  89166  89167      0      -      -      0      0      0 
    3     70     52      -      0      0      0      0      0      0  13365   2272      0      0  89166  89167      0      -      -      0      0      0 
    0     17     56      -      0      0      0      0      0      0    405    180      0      0  89162  89163      0      -      -      0      0      0 
    1     14     53      -      0      0      0      0      0      0    405    180      0      0  89164  89165      0      -      -      0      0      0 
    2     11     57      -      0      0      0      0      0      0    405    180      0      0  89166  89167      0      -      -      0      0      0 
    3      7     50      -      0      0      0      0      0      0    405    180      0      0  89166  89167      0      -      -      0      0      2 
    0     16     55      -      0      0      0      0      0      0    405    180      0      0  89162  89163      0      -      -      0      0      0 
    1     14     53      -      0      0      0      0      0      0    405    180      0      0  89164  89165      0      -      -      0      0      2 
    2     10     56      -      0      0      0      0      0      0    405    180      0      0  89166  89167      0      -      -      0      0      2 
    3      7     49      -      0      0      0      0      0      0    405    180      0      0  89166  89167      0      -      -      0      0      0 
    0     16     55      -      0      0      0      0      0      0    405    180      0      0  89162  89163      0      -      -      0      0      0 
    1     14     52      -      0      0      0      0      0      0    405    180      0      0  89164  89165      0      -      -      0      0      0 
    2     10     55      -      0      0      0      0      0      0    405    180      0      0  89166  89167      0      -      -      0      0      0 
    3      7     49      -      0      0      0      0      0      0    405    180      0      0  89166  89167      0      -      -      0      0      1 
    0     16     54      -      0      0      0      0      0      0    405    180      0      0  89162  89163      0      -      -      0      0      0 
    1     14     51      -      0      0      0      0      0      0    405    180      0      0  89164  89165      0      -      -      0      0      0 
    2     10     55      -      0      0      0      0      0      0    405    172      0      0  89166  89167      0      -      -      0      0      0 
    3      7     48      -      0      0      0      0      0      0    405    180      0      0  89166  89167      0      -      -      0      0      0 
    0    196     62      -    100     17      0      0      0      0  13365   2167      0      0  89162  89163      0      -      -      0  11521  16340 
    1    176     59      -    100     20      0      0      0      0  13365   2152      0      0  89164  89165      0      -      -      0  13230  16572 
    2    178     62      -    100     19      0      0      0      0  13365   2167      0      0  89166  89167      0      -      -      0  11052  13228 
    3    172     55      -    100     18      0      0      0      0  13365   2175      0      0  89166  89167      0      -      -      0   9002  11528 
    0    221     67      -     98     37      0      0      0      0  13365   2280      0      0  89162  89163      0      -      -      0    851    521 
    1    202     63      -     98     46      0      0      0      0  13365   2265      0      0  89164  89165      0      -      -      0    958    566 
    2    205     67      -     98     44      0      0      0      0  13365   2272      0      0  89166  89167      0      -      -      0    742    516 
    3    197     60      -     98     42      0      0      0      0  13365   2272      0      0  89166  89167      0      -      -      0   1051    537 
# gpu    pwr  gtemp  mtemp     sm    mem    enc    dec    jpg    ofa   mclk   pclk  pviol  tviol     fb   bar1   ccpm  sbecc  dbecc    pci  rxpci  txpci 
# Idx      W      C      C      %      %      %      %      %      %    MHz    MHz      %   bool     MB     MB     MB   errs   errs   errs   MB/s   MB/s 
    0    220     70      -     98     31      0      0      0      0  13365   2265      0      0  89162  89163      0      -      -      0   1221    847 
    1    205     67      -     98     46      0      0      0      0  13365   2257      0      0  89164  89165      0      -      -      0   1530    884 
    2    209     70      -     98     45      0      0      0      0  13365   2265      0      0  89166  89167      0      -      -      0   1089    851 
    3    203     63      -     98     44      0      0      0      0  13365   2257      0      0  89166  89167      0      -      -      0   1471    852 
    0    232     74      -     98     37      0      0      0      0  13365   2280      0      0  89162  89163      0      -      -      0    811    518 
    1    211     70      -     98     46      0      0      0      0  13365   2272      0      0  89164  89165      0      -      -      0    971    560 
    2    215     73      -     98     44      0      0      0      0  13365   2280      0      0  89166  89167      0      -      -      0    764    528 
    3    207     66      -     98     43      0      0      0      0  13365   2280      0      0  89166  89167      0      -      -      0    889    547 
    0    238     76      -     98     37      0      0      0      0  13365   2287      0      0  89162  89163      0      -      -      0    878    527 
    1    214     73      -     98     45      0      0      0      0  13365   2272      0      0  89164  89165      0      -      -      0    988    556 
    2    220     75      -     98     44      0      0      0      0  13365   2280      0      0  89166  89167      0      -      -      0    791    530 
    3    211     69      -     98     44      0      0      0      0  13365   2280      0      0  89166  89167      0      -      -      0    935    542 
    0     96     71      -      0      0      0      0      0      0  13365   2272      0      0  89162  89163      0      -      -      0      0      0 
    1     84     68      -      0      0      0      0      0      0  13365   2272      0      0  89164  89165      0      -      -      0      0      0 
    2     84     70      -      0      0      0      0      0      0  13365   2272      0      0  89166  89167      0      -      -      0      0      0 
    3     79     65      -      0      0      0      0      0      0  13365   2272      0      0  89166  89167      0      -      -      0      0      2 
    0     95     70      -      0      0      0      0      0      0  13365   2272      0      0  89162  89163      0      -      -      0      0      0 
    1     83     67      -      0      0      0      0      0      0  13365   2272      0      0  89164  89165      0      -      -      0      0      2 
    2     85     70      -      0      0      0      0      0      0  13365   2317      0      0  89166  89167      0      -      -      0      0      2 
    3     80     64      -      0      0      0      0      0      0  13365   2317      0      0  89166  89167      0      -      -      0      0      0 
    0     93     68      -      0      0      0      0      0      0  13365   2272      0      0  89162  89163      0      -      -      0      0      0 
    1     82     66      -      0      0      0      0      0      0  13365   2272      0      0  89164  89165      0      -      -      0      0      0 
    2     82     68      -      0      0      0      0      0      0  13365   2272      0      0  89166  89167      0      -      -      0      0      0 
    3     78     63      -      0      0      0      0      0      0  13365   2272      0      0  89166  89167      0      -      -      0      0      0 
    0    226     71      -     98     38      0      0      0      0  13365   2265      0      0  89162  89163      0      -      -      0   3612    815 
    1    208     69      -     98     46      0      0      0      0  13365   2257      0      0  89164  89165      0      -      -      0   1474    911 
    2    209     71      -     98     45      0      0      0      0  13365   2272      0      0  89166  89167      0      -      -      0   1191    830 
    3    204     66      -     98     43      0      0      0      0  13365   2272      0      0  89166  89167      0      -      -      0   1363    886 
    0    235     75      -     98     38      0      0      0      0  13365   2287      0      0  89162  89163      0      -      -      0    820    510 
    1    214     72      -     98     46      0      0      0      0  13365   2272      0      0  89164  89165      0      -      -      0    986    538 
    2    218     74      -     98     44      0      0      0      0  13365   2280      0      0  89166  89167      0      -      -      0    774    526 
    3    210     69      -     98     42      0      0      0      0  13365   2272      0      0  89166  89167      0      -      -      0    896    541 
    0    233     77      -     98     35      0      0      0      0  13365   2287      0      0  89162  89163      0      -      -      0    839    515 
    1    211     74      -     98     43      0      0      0      0  13365   2272      0      0  89164  89165      0      -      -      0    872    531 
    2    215     76      -     98     41      0      0      0      0  13365   2280      0      0  89166  89167      0      -      -      0    767    511 
    3    208     71      -     98     40      0      0      0      0  13365   2280      0      0  89166  89167      0      -      -      0    932    490 
    0    234     79      -     98     36      0      0      0      0  13365   2287      0      0  89162  89163      0      -      -      0  10218  13885 
    1    215     76      -     98     43      0      0      0      0  13365   2272      0      0  89164  89165      0      -      -      0  10271  13254 
    2    216     78      -     98     42      0      0      0      0  13365   2280      0      0  89166  89167      0      -      -      0  10736  13128 
    3    209     73      -     98     41      0      0      0      0  13365   2272      0      0  89166  89167      0      -      -      0  10585  12739 
    0    236     80      -     99     36      0      0      0      0  13365   2265      0      0  89162  89163      0      -      -      0   1192    803 
    1    216     78      -     98     44      0      0      0      0  13365   2257      0      0  89164  89165      0      -      -      0   1404    873 
    2    218     79      -     99     43      0      0      0      0  13365   2272      0      0  89166  89167      0      -      -      0   1063    780 
    3    213     75      -     99     41      0      0      0      0  13365   2265      0      0  89166  89167      0      -      -      0   1361    833 
# gpu    pwr  gtemp  mtemp     sm    mem    enc    dec    jpg    ofa   mclk   pclk  pviol  tviol     fb   bar1   ccpm  sbecc  dbecc    pci  rxpci  txpci 
# Idx      W      C      C      %      %      %      %      %      %    MHz    MHz      %   bool     MB     MB     MB   errs   errs   errs   MB/s   MB/s 
    0    240     82      -     98     36      0      0      0      0  13365   2287      0      0  89162  89163      0      -      -      0  10185  12872 
    1    220     79      -     98     43      0      0      0      0  13365   2272      0      0  89164  89165      0      -      -      0  10388  12997 
    2    221     81      -     98     42      0      0      0      0  13365   2280      0      0  89166  89167      0      -      -      0   3159    779 
    3    215     76      -     98     41      0      0      0      0  13365   2280      0      0  89166  89167      0      -      -      0   1252    815 
    0    246     83      -     98     36      0      0      0      0  13365   2287      0      0  89162  89163      0      -      -      0    839    509 
    1    222     80      -     98     43      0      0      0      0  13365   2272      0      0  89164  89165      0      -      -      0   1004    526 
    2    226     82      -     98     42      0      0      0      0  13365   2280      0      0  89166  89167      0      -      -      0    746    498 
    3    219     77      -     98     41      0      0      0      0  13365   2280      0      0  89166  89167      0      -      -      0    813    510 
    0    249     84      -     98     36      0      0      0      0  13365   2280      0      0  89162  89163      0      -      -      0    821    499 
    1    224     81      -     98     44      0      0      0      0  13365   2265      0      0  89164  89165      0      -      -      0    940    525 
    2    229     82      -     98     42      0      0      0      0  13365   2280      0      0  89166  89167      0      -      -      0    688    497 
    3    222     78      -     98     42      0      0      0      0  13365   2280      0      0  89166  89167      0      -      -      0    935    510 
    0    106     79      -      0      0      0      0      0      0  13365   2317      0      0  89162  89163      0      -      -      0      0      2 
    1     92     77      -      0      0      0      0      0      0  13365   2287      0      0  89164  89165      0      -      -      0      0      2 
    2     90     79      -      0      0      0      0      0      0  13365   2280      0      0  89166  89167      0      -      -      0      0      2 
    3     88     74      -      0      0      0      0      0      0  13365   2310      0      0  89166  89167      0      -      -      0      0      0 
    0     99     76      -      0      0      0      0      0      0  13365   2272      0      0  89162  89163      0      -      -      0      0      0 
    1     89     74      -      0      0      0      0      0      0  13365   2272      0      0  89164  89165      0      -      -      0      0      0 
    2     86     75      -      0      0      0      0      0      0  13365   2272      0      0  89166  89167      0      -      -      0      0      0 
    3     84     71      -      0      0      0      0      0      0  13365   2272      0      0  89166  89167      0      -      -      0      0      0 
    0    148     73      -      0      0      0      0      0      0  13365   2332      0      0  89162  89163      0      -      -      0      0      0 
    1    125     71      -      0      0      0      0      0      0  13365   2302      0      0  89164  89165      0      -      -      0      0      0 
    2    112     73      -      0      0      0      0      0      0  13365   2317      0      0  89166  89167      0      -      -      0      0      0 
    3     95     68      -      0      0      0      0      0      0  13365   2317      0      0  89166  89167      0      -      -      0      0      0 
    0     96     71      -      0      0      0      0      0      0  13365   2272      0      0  89162  89163      0      -      -      0      0      0 
    1     86     69      -      0      0      0      0      0      0  13365   2272      0      0  89164  89165      0      -      -      0      0      0 
    2     85     71      -      0      0      0      0      0      0  13365   2272      0      0  89166  89167      0      -      -      0      0      0 
    3     80     66      -      0      0      0      0      0      0  13365   2272      0      0  89166  89167      0      -      -      0      0      2 
    0     22     67      -      0      0      0      0      0      0    405    180      0      0  89162  89163      0      -      -      0      0      1 
    1     19     65      -      0      0      0      0      0      0    405    180      0      0  89164  89165      0      -      -      0      0      2 
    2     16     67      -      0      0      0      0      0      0    405    180      0      0  89166  89167      0      -      -      0      0      2 
    3     13     62      -      0      0      0      0      0      0    405    180      0      0  89166  89167      0      -      -      0      0      0 
    0     19     64      -      0      0      0      0      0      0    405    180      0      0  89162  89163      0      -      -      0      0      0 
    1     18     62      -      0      0      0      0      0      0    405    180      0      0  89164  89165      0      -      -      0      0      0 
    2     15     64      -      0      0      0      0      0      0    405    180      0      0  89166  89167      0      -      -      0      0      0 
    3     14     59      -      0      0      0      0      0      0    405    180      0      0  89166  89167      0      -      -      0      0      0 
    0     18     62      -      0      0      0      0      0      0    405    180      0      0  89162  89163      0      -      -      0      0      0 
    1     17     60      -      0      0      0      0      0      0    405    180      0      0  89164  89165      0      -      -      0      0      1 
    2     13     62      -      0      0      0      0      0      0    405    180      0      0  89166  89167      0      -      -      0      0      0 
    3     13     58      -      0      0      0      0      0      0    405    180      0      0  89166  89167      0      -      -      0      0      0 
    0     19     60      -      0      0      0      0      0      0    405    180      0      0  89162  89163      0      -      -      0      0      2 
    1     17     59      -      0      0      0      0      0      0    405    180      0      0  89164  89165      0      -      -      0      0      2 
    2     11     61      -      0      0      0      0      0      0    405    180      0      0  89166  89167      0      -      -      0      0      2 
    3     12     56      -      0      0      0      0      0      0    405    180      0      0  89166  89167      0      -      -      0      0      0 
# gpu    pwr  gtemp  mtemp     sm    mem    enc    dec    jpg    ofa   mclk   pclk  pviol  tviol     fb   bar1   ccpm  sbecc  dbecc    pci  rxpci  txpci 
# Idx      W      C      C      %      %      %      %      %      %    MHz    MHz      %   bool     MB     MB     MB   errs   errs   errs   MB/s   MB/s 
    0    185     61      -     98     36      0      0      0      0  13365   2287      0      0  89162  89163      0      -      -      0      0      0 
    1    163     60      -     98     45      0      0      0      0  13365   2280      0      0  89164  89165      0      -      -      0      0      0 
    2    156     62      -     98     44      0      0      0      0  13365   2317      0      0  89166  89167      0      -      -      0      0      0 
    3    150     57      -     98     43      0      0      0      0  13365   2317      0      0  89166  89167      0      -      -      0      0      0 
    0     83     61      -      0      0      0      0      0      0  13365   2272      0      0  89162  89163      0      -      -      0      0      0 
    1     73     59      -      0      0      0      0      0      0  13365   2272      0      0  89164  89165      0      -      -      0      0      0 
    2     71     61      -      0      0      0      0      0      0  13365   2272      0      0  89166  89167      0      -      -      0      0      0 
    3     73     57      -      0      0      0      0      0      0  13365   2272      0      0  89166  89167      0      -      -      0      0      1 
    0    220     68      -     98     38      0      0      0      0  13365   2265      0      0  89162  89163      0      -      -      0   1181    807 
    1    204     66      -     98     46      0      0      0      0  13365   2250      0      0  89164  89165      0      -      -      0   1579    937 
    2    205     68      -     98     45      0      0      0      0  13365   2272      0      0  89166  89167      0      -      -      0   1106    514 
    3    201     63      -     98     44      0      0      0      0  13365   2265      0      0  89166  89167      0      -      -      0    974    545 
    0    224     71      -     98     37      0      0      0      0  13365   2265      0      0  89162  89163      0      -      -      0    929    546 
    1    208     69      -     98     46      0      0      0      0  13365   2257      0      0  89164  89165      0      -      -      0   1023    553 
    2    211     71      -     98     45      0      0      0      0  13365   2265      0      0  89166  89167      0      -      -      0    744    521 
    3    206     66      -     98     43      0      0      0      0  13365   2265      0      0  89166  89167      0      -      -      0    827    533 
    0    234     74      -     98     37      0      0      0      0  13365   2280      0      0  89162  89163      0      -      -      0    913    527 
    1    214     72      -     98     46      0      0      0      0  13365   2272      0      0  89164  89165      0      -      -      0    918    556 
    2    217     74      -     98     45      0      0      0      0  13365   2272      0      0  89166  89167      0      -      -      0    799    525 
    3    211     69      -     98     44      0      0      0      0  13365   2272      0      0  89166  89167      0      -      -      0    872    532 
    0    237     76      -     98     37      0      0      0      0  13365   2287      0      0  89162  89163      0      -      -      0    814    529 
    1    217     75      -     98     46      0      0      0      0  13365   2265      0      0  89164  89165      0      -      -      0    984    556 
    2    221     76      -     98     45      0      0      0      0  13365   2280      0      0  89166  89167      0      -      -      0    770    516 
    3    214     71      -     98     43      0      0      0      0  13365   2272      0      0  89166  89167      0      -      -      0    855    528 
    0    232     78      -     98     36      0      0      0      0  13365   2272      0      0  89162  89163      0      -      -      0   1107    808 
    1    215     76      -     98     45      0      0      0      0  13365   2257      0      0  89164  89165      0      -      -      0    936    551 
    2    216     77      -     98     44      0      0      0      0  13365   2272      0      0  89166  89167      0      -      -      0    854    525 
    3    212     72      -     98     43      0      0      0      0  13365   2265      0      0  89166  89167      0      -      -      0    861    505 
    0     98     74      -      0      0      0      0      0      0  13365   2272      0      0  89162  89163      0      -      -      0      0      0 
    1     88     72      -      0      0      0      0      0      0  13365   2272      0      0  89164  89165      0      -      -      0      0      0 
    2     86     73      -      0      0      0      0      0      0  13365   2272      0      0  89166  89167      0      -      -      0      0      0 
    3     83     69      -      0      0      0      0      0      0  13365   2272      0      0  89166  89167      0      -      -      0      0      2 
    0     97     71      -      0      0      0      0      0      0  13365   2272      0      0  89162  89163      0      -      -      0      0      2 
    1     86     70      -      0      0      0      0      0      0  13365   2272      0      0  89164  89165      0      -      -      0      0      2 
    2     85     71      -      0      0      0      0      0      0  13365   2272      0      0  89166  89167      0      -      -      0      0      2 
    3     81     67      -      0      0      0      0      0      0  13365   2272      0      0  89166  89167      0      -      -      0      0      0 
    0     21     66      -      0      0      0      0      0      0    405    180      0      0  89162  89163      0      -      -      0      0      0 
    1     19     66      -      0      0      0      0      0      0    405    180      0      0  89164  89165      0      -      -      0      0      0 
    2     17     67      -      0      0      0      0      0      0    405    180      0      0  89166  89167      0      -      -      0      0      1 
    3     13     62      -      0      0      0      0      0      0    405    180      0      0  89166  89167      0      -      -      0      0      0 
    0    214     72      -     99     21      0      0      0      0  13365   2272      0      0  89162  89163      0      -      -      0    822    536 
    1    204     70      -     99     24      0      0      0      0  13365   2265      0      0  89164  89165      0      -      -      0    987    549 
    2    212     72      -     98     45      0      0      0      0  13365   2272      0      0  89166  89167      0      -      -      0    742    518 
    3    207     67      -     98     43      0      0      0      0  13365   2272      0      0  89166  89167      0      -      -      0    890    536 
# gpu    pwr  gtemp  mtemp     sm    mem    enc    dec    jpg    ofa   mclk   pclk  pviol  tviol     fb   bar1   ccpm  sbecc  dbecc    pci  rxpci  txpci 
# Idx      W      C      C      %      %      %      %      %      %    MHz    MHz      %   bool     MB     MB     MB   errs   errs   errs   MB/s   MB/s 
    0    151     71      -      0      0      0      0      0      0  13365   2332      0      0  89162  89163      0      -      -      0    821    523 
    1    138     70      -      0      0      0      0      0      0  13365   2272      0      0  89164  89165      0      -      -      0    898    555 
    2    138     72      -      0      0      0      0      0      0  13365   2205      0      0  89166  89167      0      -      -      0    771    522 
    3    134     67      -      0      0      0      0      0      0  13365   2182      0      0  89166  89167      0      -      -      0    916    546 
    0    163     71      -     98     37      0      0      0      0  13365   2280      0      0  89162  89163      0      -      -      0    842    531 
    1    152     69      -     98     45      0      0      0      0  13365   2265      0      0  89164  89165      0      -      -      0    984    544 
    2    158     71      -     98     43      0      0      0      0  13365   2280      0      0  89166  89167      0      -      -      0    783    502 
    3    203     66      -     98     43      0      0      0      0  13365   2272      0      0  89166  89167      0      -      -      0    912    535 
    0    272     74      -     99     50      0      0      0      0  13365   2235      4      0  89162  89163      0      -      -      0   3692   3161 
    1    254     73      -     99     56      0      0      0      0  13365   2227      2      0  89164  89165      0      -      -      0   3973   3399 
    2    259     75      -     99     56      0      0      0      0  13365   2227      3      0  89166  89167      0      -      -      0   3503   3261 
    3    256     70      -     99     55      0      0      0      0  13365   2227      2      0  89166  89167      0      -      -      0   4010   3358 
    0    280     78      -     99     51      0      0      0      0  13365   2227      0      0  89162  89163      0      -      -      0   3919   3068 
    1    263     76      -     99     56      0      0      0      0  13365   2220      0      0  89164  89165      0      -      -      0   4159   3311 
    2    266     78      -     99     55      0      0      0      0  13365   2235      0      0  89166  89167      0      -      -      0   3479   3190 
    3    263     73      -     99     55      0      0      0      0  13365   2220      0      0  89166  89167      0      -      -      0   4184   3333 
    0    284     81      -     99     50      0      0      0      0  13365   2227      0      0  89162  89163      0      -      -      0   3437   3238 
    1    265     79      -     99     55      0      0      0      0  13365   2227      0      0  89164  89165      0      -      -      0   3858   3263 
    2    269     81      -     99     55      0      0      0      0  13365   2227      0      0  89166  89167      0      -      -      0   3415   3200 
    3    267     76      -     99     55      0      0      0      0  13365   2227      0      0  89166  89167      0      -      -      0   4128   3296 
    0    278     82      -     99     46      0      0      0      0  13365   2227      0      0  89162  89163      0      -      -      0   2995   2150 
    1    261     81      -     99     52      0      0      0      0  13365   2220      0      0  89164  89165      0      -      -      0   3677   2166 
    2    260     82      -     99     52      0      0      0      0  13365   2242      0      0  89166  89167      0      -      -      0   2725   2113 
    3    253     78      -     99     50      0      0      0      0  13365   2242      0      0  89166  89167      0      -      -      0   3293   2191 
    0    258     83      -     99     40      0      0      0      0  13365   2250      0      0  89162  89163      0      -      -      0   2747   1601 
    1    239     82      -     99     47      0      0      0      0  13365   2235      0      0  89164  89165      0      -      -      0   3401   1742 
    2    241     83      -     99     46      0      0      0      0  13365   2257      0      0  89166  89167      0      -      -      0   2878   1551 
    3    237     79      -     99     45      0      0      0      0  13365   2250      0      0  89166  89167      0      -      -      0   3540   1653 
    0    246     84      -     99     39      0      0      0      0  13365   2265      0      0  89162  89163      0      -      -      0   3352   1551 
    1    228     82      -     99     45      0      0      0      0  13365   2250      0      0  89164  89165      0      -      -      0   4059   1716 
    2    232     84      -     99     45      0      0      0      0  13365   2257      0      0  89166  89167      0      -      -      0   3195   1550 
    3    228     79      -     99     44      0      0      0      0  13365   2250      0      0  89166  89167      0      -      -      0   3354   1615 
    0    246     84      -     98     37      0      0      0      0  13365   2265      0      0  89162  89163      0      -      -      0   1164    789 
    1    227     82      -     98     45      0      0      0      0  13365   2257      0      0  89164  89165      0      -      -      0   1318    876 
    2    228     84      -     98     43      0      0      0      0  13365   2272      0      0  89166  89167      0      -      -      0   1176    806 
    3    224     79      -     98     43      0      0      0      0  13365   2265      0      0  89166  89167      0      -      -      0   1375    838 
    0    247     84      -     98     36      0      0      0      0  13365   2265      0      0  89162  89163      0      -      -      0   1117    806 
    1    229     83      -     98     45      0      0      0      0  13365   2257      0      0  89164  89165      0      -      -      0   1460    869 
    2    230     84      -     98     43      0      0      0      0  13365   2272      0      0  89166  89167      0      -      -      0   1192    795 
    3    225     79      -     98     43      0      0      0      0  13365   2265      0      0  89166  89167      0      -      -      0   1413    831 
    0    248     85      -     98     37      0      0      0      0  13365   2265      0      0  89162  89163      0      -      -      0   1049    783 
    1    229     83      -     98     45      0      0      0      0  13365   2257      0      0  89164  89165      0      -      -      0   1414    856 
    2    233     85      -     98     44      0      0      0      0  13365   2272      0      0  89166  89167      0      -      -      0   1112    790 
    3    226     80      -     98     43      0      0      0      0  13365   2265      0      0  89166  89167      0      -      -      0   1361    855 
# gpu    pwr  gtemp  mtemp     sm    mem    enc    dec    jpg    ofa   mclk   pclk  pviol  tviol     fb   bar1   ccpm  sbecc  dbecc    pci  rxpci  txpci 
# Idx      W      C      C      %      %      %      %      %      %    MHz    MHz      %   bool     MB     MB     MB   errs   errs   errs   MB/s   MB/s 
    0    258     85      -     98     37      0      0      0      0  13365   2287      0      0  89162  89163      0      -      -      0    820    518 
    1    236     83      -     98     46      0      0      0      0  13365   2265      0      0  89164  89165      0      -      -      0    905    552 
    2    240     85      -     98     44      0      0      0      0  13365   2280      0      0  89166  89167      0      -      -      0    797    530 
    3    230     80      -     98     43      0      0      0      0  13365   2272      0      0  89166  89167      0      -      -      0    921    531 
    0    109     81      -      0      0      0      0      0      0  13365   2332      0      0  89162  89163      0      -      -      0      0      1 
    1     97     80      -      0      0      0      0      0      0  13365   2295      0      0  89164  89165      0      -      -      0      0      0 
    2     96     81      -      0      0      0      0      0      0  13365   2295      0      0  89166  89167      0      -      -      0      0      0 
    3     90     76      -      0      0      0      0      0      0  13365   2317      0      0  89166  89167      0      -      -      0      0      0 
    0    100     77      -      0      0      0      0      0      0  13365   2272      0      0  89162  89163      0      -      -      0      0      0 
    1     90     76      -      0      0      0      0      0      0  13365   2272      0      0  89164  89165      0      -      -      0      0      2 
    2     87     78      -      0      0      0      0      0      0  13365   2272      0      0  89166  89167      0      -      -      0      0      2 
    3     86     72      -      0      0      0      0      0      0  13365   2272      0      0  89166  89167      0      -      -      0      0      0 
    0     98     74      -      0      0      0      0      0      0  13365   2272      0      0  89162  89163      0      -      -      0      0      0 
    1     89     73      -      0      0      0      0      0      0  13365   2272      0      0  89164  89165      0      -      -      0      0      1 
    2     86     75      -      0      0      0      0      0      0  13365   2272      0      0  89166  89167      0      -      -      0      0      0 
    3     83     70      -      0      0      0      0      0      0  13365   2272      0      0  89166  89167      0      -      -      0      0      0 
    0    232     76      -     98     38      0      0      0      0  13365   2265      0      0  89162  89163      0      -      -      0   1177    838 
    1    217     75      -     98     46      0      0      0      0  13365   2257      0      0  89164  89165      0      -      -      0   1498    886 
    2    218     77      -     98     44      0      0      0      0  13365   2272      0      0  89166  89167      0      -      -      0   1165    850 
    3    209     72      -     98     43      0      0      0      0  13365   2265      0      0  89166  89167      0      -      -      0   1468    870 
    0    235     78      -     98     38      0      0      0      0  13365   2265      0      0  89162  89163      0      -      -      0   1159    819 
    1    220     77      -     98     46      0      0      0      0  13365   2257      0      0  89164  89165      0      -      -      0   1537    910 
    2    221     78      -     98     44      0      0      0      0  13365   2272      0      0  89166  89167      0      -      -      0   1179    813 
    3    213     73      -     98     43      0      0      0      0  13365   2265      0      0  89166  89167      0      -      -      0   1456    711 
    0    244     80      -     98     37      0      0      0      0  13365   2280      0      0  89162  89163      0      -      -      0    801    535 
    1    224     78      -     98     46      0      0      0      0  13365   2265      0      0  89164  89165      0      -      -      0    990    554 
    2    228     80      -     98     43      0      0      0      0  13365   2280      0      0  89166  89167      0      -      -      0    795    512 
    3    219     74      -     98     43      0      0      0      0  13365   2280      0      0  89166  89167      0      -      -      0    906    550 
    0    246     81      -     98     38      0      0      0      0  13365   2287      0      0  89162  89163      0      -      -      0    883    538 
    1    226     79      -     98     45      0      0      0      0  13365   2265      0      0  89164  89165      0      -      -      0    917    550 
    2    230     81      -     98     44      0      0      0      0  13365   2280      0      0  89166  89167      0      -      -      0    808    525 
    3    220     75      -     98     43      0      0      0      0  13365   2280      0      0  89166  89167      0      -      -      0    911    535 
    0    251     81      -     98     38      0      0      0      0  13365   2287      6      0  89162  89163      0      -      -      0    857    522 
    1    228     80      -     98     46      0      0      0      0  13365   2265      6      0  89164  89165      0      -      -      0    949    540 
    2    233     81      -     98     45      0      0      0      0  13365   2280      5      0  89166  89167      0      -      -      0    791    509 
    3    223     75      -     98     44      0      0      0      0  13365   2280      6      0  89166  89167      0      -      -      0    819    524 
    0    134     82      -      0      0      0      0      0      0  13365   2332      2      0  89162  89163      0      -      -      0    807    521 
    1    132     81      -      0      0      0      0      0      0  13365   2265      1      0  89164  89165      0      -      -      0    895    540 
    2    130     82      -      0      0      0      0      0      0  13365   2182      1      0  89166  89167      0      -      -      0    738    498 
    3    142     76      -      0      0      0      0      0      0  13365   2107      1      0  89166  89167      0      -      -      0    910    519 
    0    167     81      -     15      2      0      0      0      0  13365   2115      0      0  89162  89163      0      -      -      0    834    498 
    1    171     80      -     53      8      0      0      0      0  13365   2130      0      0  89164  89165      0      -      -      0    971    540 
    2    180     81      -    100     16      0      0      0      0  13365   2197      0      0  89166  89167      0      -      -      0    745    499 
    3    185     75      -    100     15      0      0      0      0  13365   2272      0      0  89166  89167      0      -      -      0    876    525 
# gpu    pwr  gtemp  mtemp     sm    mem    enc    dec    jpg    ofa   mclk   pclk  pviol  tviol     fb   bar1   ccpm  sbecc  dbecc    pci  rxpci  txpci 
# Idx      W      C      C      %      %      %      %      %      %    MHz    MHz      %   bool     MB     MB     MB   errs   errs   errs   MB/s   MB/s 
    0    237     81      -     99     36      0      0      0      0  13365   2265      0      0  89162  89163      0      -      -      0   1098    758 
    1    219     80      -     99     43      0      0      0      0  13365   2257      0      0  89164  89165      0      -      -      0   1316    821 
    2    220     81      -     99     42      0      0      0      0  13365   2272      0      0  89166  89167      0      -      -      0   1037    758 
    3    214     76      -     99     41      0      0      0      0  13365   2265      0      0  89166  89167      0      -      -      0   1298    771 
    0    247     82      -     98     36      0      0      0      0  13365   2280      1      0  89162  89163      0      -      -      0    798    490 
    1    226     81      -     98     44      0      0      0      0  13365   2265      0      0  89164  89165      0      -      -      0    937    501 
    2    231     82      -     98     43      0      0      0      0  13365   2280      0      0  89166  89167      0      -      -      0    725    487 
    3    220     76      -     98     42      0      0      0      0  13365   2280      0      0  89166  89167      0      -      -      0    802    497 
    0    207     81      -    100     18      0      0      0      0  13365   2137      0      0  89162  89163      0      -      -      0  12060  16580 
    1    189     80      -    100     21      0      0      0      0  13365   2137      0      0  89164  89165      0      -      -      0  13948  19096 
    2    191     81      -    100     20      0      0      0      0  13365   2152      0      0  89166  89167      0      -      -      0  12969  14680 
    3    187     76      -    100     19      0      0      0      0  13365   2160      0      0  89166  89167      0      -      -      0  14624  17237 
    0    275     84      -     99     44      0      0      0      0  13365   2227      0      0  89162  89163      0      -      -      0   3265   2100 
    1    261     83      -     99     52      0      0      0      0  13365   2212      0      0  89164  89165      0      -      -      0   3256   2161 
    2    256     83      -     99     50      0      0      0      0  13365   2235      0      0  89166  89167      0      -      -      0   2473   1996 
    3    245     78      -     99     48      0      0      0      0  13365   2242      0      0  89166  89167      0      -      -      0   3384   2207 
    0    258     85      -     99     38      0      0      0      0  13365   2257      2      0  89162  89163      0      -      -      0   3256   2092 
    1    234     84      -     99     44      0      0      0      0  13365   2242      0      0  89164  89165      0      -      -      0   3586   2210 
    2    238     85      -     99     43      0      0      0      0  13365   2242      0      0  89166  89167      0      -      -      0   2620   2000 
    3    229     80      -     99     43      0      0      0      0  13365   2175      0      0  89166  89167      0      -      -      0   3028   2180 
    0    277     86      -     99     44      0      0      0      0  13365   2235      0      0  89162  89163      0      -      -      0   3011   2095 
    1    263     85      -     99     50      0      0      0      0  13365   2220      0      0  89164  89165      0      -      -      0   3205   2184 
    2    260     85      -     99     50      0      0      0      0  13365   2242      0      0  89166  89167      0      -      -      0   2481   1995 
    3    250     80      -     99     48      0      0      0      0  13365   2242      0      0  89166  89167      0      -      -      0   3302   2144 
    0    262     86      -     99     39      0      0      0      0  13365   2257      2      0  89162  89163      0      -      -      0   2828   1517 
    1    241     85      -     99     45      0      0      0      0  13365   2242      0      0  89164  89165      0      -      -      0   3284   1668 
    2    245     86      -     99     44      0      0      0      0  13365   2257      0      0  89166  89167      0      -      -      0   3047   1533 
    3    239     80      -     99     44      0      0      0      0  13365   2250      0      0  89166  89167      0      -      -      0   3826   1728 
    0    258     86      -     99     38      0      0      0      0  13365   2257      0      0  89162  89163      0      -      -      0   3367   1491 
    1    239     85      -     99     44      0      0      0      0  13365   2242      0      0  89164  89165      0      -      -      0   3292   1605 
    2    240     86      -     99     43      0      0      0      0  13365   2257      0      0  89166  89167      0      -      -      0   3019   1447 
    3    234     80      -     99     43      0      0      0      0  13365   2250      0      0  89166  89167      0      -      -      0   3945   1626 
    0    244     86      -     99     35      0      0      0      0  13365   2272      0      0  89162  89163      0      -      -      0   1079    768 
    1    222     85      -     99     42      0      0      0      0  13365   2257      0      0  89164  89165      0      -      -      0   1467    855 
    2    223     86      -     99     41      0      0      0      0  13365   2280      0      0  89166  89167      0      -      -      0   1044    773 
    3    217     80      -     99     40      0      0      0      0  13365   2265      0      0  89166  89167      0      -      -      0   1372    802 
    0    103     80      -      0      0      0      0      0      0  13365   2272      0      0  89162  89163      0      -      -      0      0      1 
    1     94     79      -      0      0      0      0      0      0  13365   2272      0      0  89164  89165      0      -      -      0      0      0 
    2     89     80      -      0      0      0      0      0      0  13365   2272      0      0  89166  89167      0      -      -      0      0      0 
    3     88     74      -      0      0      0      0      0      0  13365   2272      0      0  89166  89167      0      -      -      0      0      0 
    0    100     77      -      0      0      0      0      0      0  13365   2272      0      0  89162  89163      0      -      -      0      0      0 
    1     91     76      -      0      0      0      0      0      0  13365   2272      0      0  89164  89165      0      -      -      0      0      0 
    2     87     77      -      0      0      0      0      0      0  13365   2272      0      0  89166  89167      0      -      -      0      0      0 
    3     86     72      -      0      0      0      0      0      0  13365   2272      0      0  89166  89167      0      -      -      0      0      0 
# gpu    pwr  gtemp  mtemp     sm    mem    enc    dec    jpg    ofa   mclk   pclk  pviol  tviol     fb   bar1   ccpm  sbecc  dbecc    pci  rxpci  txpci 
# Idx      W      C      C      %      %      %      %      %      %    MHz    MHz      %   bool     MB     MB     MB   errs   errs   errs   MB/s   MB/s 
    0     99     74      -      0      0      0      0      0      0  13365   2272      0      0  89162  89163      0      -      -      0      0      0 
    1     89     73      -      0      0      0      0      0      0  13365   2272      0      0  89164  89165      0      -      -      0      0      0 
    2     86     74      -      0      0      0      0      0      0  13365   2272      0      0  89166  89167      0      -      -      0      0      0 
    3     83     69      -      0      0      0      0      0      0  13365   2272      0      0  89166  89167      0      -      -      0      0      3 
    0     23     68      -      0      0      0      0      0      0    405    180      0      0  89162  89163      0      -      -      0      0      0 
    1     21     67      -      0      0      0      0      0      0    405    180      0      0  89164  89165      0      -      -      0      0      2 
    2     19     69      -      0      0      0      0      0      0    405    180      0      0  89166  89167      0      -      -      0      0      2 
    3     15     64      -      0      0      0      0      0      0    405    180      0      0  89166  89167      0      -      -      0      0      0 
    0     20     65      -      0      0      0      0      0      0    405    180      0      0  89162  89163      0      -      -      0      0      1 
    1     19     64      -      0      0      0      0      0      0    405    180      0      0  89164  89165      0      -      -      0      0      0 
    2     16     66      -      0      0      0      0      0      0    405    180      0      0  89166  89167      0      -      -      0      0      0 
    3     13     61      -      0      0      0      0      0      0    405    180      0      0  89166  89167      0      -      -      0      0      0 
    0     18     62      -      0      0      0      0      0      0    405    180      0      0  89162  89163      0      -      -      0      0      0 
    1     18     62      -      0      0      0      0      0      0    405    180      0      0  89164  89165      0      -      -      0      0      0 
    2     14     64      -      0      0      0      0      0      0    405    180      0      0  89166  89167      0      -      -      0      0      0 
    3     13     59      -      0      0      0      0      0      0    405    180      0      0  89166  89167      0      -      -      0      0      0 
    0     17     60      -      0      0      0      0      0      0    405    180      0      0  89162  89163      0      -      -      0      0      2 
    1     16     60      -      0      0      0      0      0      0    405    180      0      0  89164  89165      0      -      -      0      0      2 
    2     12     62      -      0      0      0      0      0      0    405    180      0      0  89166  89167      0      -      -      0      0      2 
    3     11     57      -      0      0      0      0      0      0    405    180      0      0  89166  89167      0      -      -      0      0      0 
    0     84     62      -      0      0      0      0      0      0  13365   2272      0      0  89162  89163      0      -      -      0      0      0 
    1     75     61      -      0      0      0      0      0      0  13365   2272      0      0  89164  89165      0      -      -      0      0      1 
    2     73     63      -      0      0      0      0      0      0  13365   2272      0      0  89166  89167      0      -      -      0      0      0 
    3     74     58      -      0      0      0      0      0      0  13365   2272      0      0  89166  89167      0      -      -      0      0      0 
    0     84     62      -      0      0      0      0      0      0  13365   2272      0      0  89162  89163      0      -      -      0      0      0 
    1     75     61      -      0      0      0      0      0      0  13365   2272      0      0  89164  89165      0      -      -      0      0      0 
    2     72     63      -      0      0      0      0      0      0  13365   2272      0      0  89166  89167      0      -      -      0      0      0 
    3     74     58      -      0      0      0      0      0      0  13365   2272      0      0  89166  89167      0      -      -      0      0      0 
    0     18     59      -      0      0      0      0      0      0    405    180      0      0  89162  89163      0      -      -      0      0      2 
    1     16     58      -      0      0      0      0      0      0    405    180      0      0  89164  89165      0      -      -      0      0      0 
    2     11     60      -      0      0      0      0      0      0    405    180      0      0  89166  89167      0      -      -      0      0      0 
    3     11     55      -      0      0      0      0      0      0    405    180      0      0  89166  89167      0      -      -      0      0      2 
    0     17     57      -      0      0      0      0      0      0    405    180      0      0  89162  89163      0      -      -      0      0      0 
    1     16     57      -      0      0      0      0      0      0    405    180      0      0  89164  89165      0      -      -      0      0      0 
    2     12     59      -      0      0      0      0      0      0    405    180      0      0  89166  89167      0      -      -      0      0      1 
    3     10     54      -      0      0      0      0      0      0    405    180      0      0  89166  89167      0      -      -      0      0      0 
    0     16     56      -      0      0      0      0      0      0    405    180      0      0  89162  89163      0      -      -      0      0      0 
    1     15     56      -      0      0      0      0      0      0    405    172      0      0  89164  89165      0      -      -      0      0      1 
    2     11     57      -      0      0      0      0      0      0    405    180      0      0  89166  89167      0      -      -      0      0      0 
    3     10     53      -      0      0      0      0      0      0    405    180      0      0  89166  89167      0      -      -      0      0      0 
    0     16     55      -      0      0      0      0      0      0    405    180      0      0  89162  89163      0      -      -      0      0      2 
    1     15     55      -      0      0      0      0      0      0    405    180      0      0  89164  89165      0      -      -      0      0      0 
    2     10     56      -      0      0      0      0      0      0    405    180      0      0  89166  89167      0      -      -      0      0      0 
    3      9     52      -      0      0      0      0      0      0    405    180      0      0  89166  89167      0      -      -      0      0      2 
# gpu    pwr  gtemp  mtemp     sm    mem    enc    dec    jpg    ofa   mclk   pclk  pviol  tviol     fb   bar1   ccpm  sbecc  dbecc    pci  rxpci  txpci 
# Idx      W      C      C      %      %      %      %      %      %    MHz    MHz      %   bool     MB     MB     MB   errs   errs   errs   MB/s   MB/s 
    0     78     57      -      0      0      0      0      0      0  13365   2272      0      0  89162  89163      0      -      -      0      0      0 
    1     71     57      -      0      0      0      0      0      0  13365   2272      0      0  89164  89165      0      -      -      0      0      2 
    2     67     58      -      0      0      0      0      0      0  13365   2272      0      0  89166  89167      0      -      -      0      0      2 
    3     72     53      -      0      0      0      0      0      0  13365   2272      0      0  89166  89167      0      -      -      0      0      0 
    0     78     57      -      0      0      0      0      0      0  13365   2272      0      0  89162  89163      0      -      -      0      0      0 
    1     71     57      -      0      0      0      0      0      0  13365   2272      0      0  89164  89165      0      -      -      0      0      0 
    2     68     58      -      0      0      0      0      0      0  13365   2272      0      0  89166  89167      0      -      -      0      0      0 
    3     71     54      -      0      0      0      0      0      0  13365   2272      0      0  89166  89167      0      -      -      0      0      0 
    0     16     55      -      0      0      0      0      0      0    405    180      0      0  89162  89163      0      -      -      0      0      0 
    1     15     55      -      0      0      0      0      0      0    405    180      0      0  89164  89165      0      -      -      0      0      0 
    2     10     56      -      0      0      0      0      0      0    405    180      0      0  89166  89167      0      -      -      0      0      0 
    3      8     52      -      0      0      0      0      0      0    405    180      0      0  89166  89167      0      -      -      0      0      0 
    0     15     54      -      0      0      0      0      0      0    405    180      0      0  89162  89163      0      -      -      0      0      2 
    1     14     54      -      0      0      0      0      0      0    405    180      0      0  89164  89165      0      -      -      0      0      1 
    2      9     55      -      0      0      0      0      0      0    405    180      0      0  89166  89167      0      -      -      0      0      1 
    3      8     51      -      0      0      0      0      0      0    405    180      0      0  89166  89167      0      -      -      0      0      0 
    0     15     53      -      0      0      0      0      0      0    405    180      0      0  89162  89163      0      -      -      0      0      0 
    1     15     53      -      0      0      0      0      0      0    405    180      0      0  89164  89165      0      -      -      0      0      0 
    2      8     55      -      0      0      0      0      0      0    405    180      0      0  89166  89167      0      -      -      0      0      0 
    3      8     50      -      0      0      0      0      0      0    405    180      0      0  89166  89167      0      -      -      0      0      0 
    0     82     57      -      0      0      0      0      0      0  13365   2317      0      0  89162  89163      0      -      -      0      0      0 
    1     83     57      -      0      0      0      0      0      0  13365   2287      0      0  89164  89165      0      -      -      0      0      0 
    2     69     58      -      0      0      0      0      0      0  13365   2317      0      0  89166  89167      0      -      -      0      0      1 
    3     73     54      -      0      0      0      0      0      0  13365   2302      0      0  89166  89167      0      -      -      0      0      0 
    0    171     61      -      0      0      0      0      0      0  13365   2332      0      0  89162  89163      0      -      -      0      0      0 
    1    146     60      -      0      0      0      0      0      0  13365   2295      0      0  89164  89165      0      -      -      0      0      0 
    2    129     62      -      0      0      0      0      0      0  13365   2317      0      0  89166  89167      0      -      -      0      0      0 
    3    123     57      -      0      0      0      0      0      0  13365   2317      0      0  89166  89167      0      -      -      0      0      2 
    0    189     64      -      0      0      0      0      0      0  13365   2325      0      0  89162  89163      0      -      -      0   5995   3807 
    1    159     63      -      0      0      0      0      0      0  13365   2295      0      0  89164  89165      0      -      -      0    851    522 
    2    158     66      -     77     15      0      0      0      0  13365   2310      0      0  89166  89167      0      -      -      0    690    490 
    3    149     61      -     99     19      0      0      0      0  13365   2317      0      0  89166  89167      0      -      -      0    926    540 
    0    215     68      -     98     35      0      0      0      0  13365   2287      0      0  89162  89163      0      -      -      0    768    490 
    1    199     67      -     98     43      0      0      0      0  13365   2265      0      0  89164  89165      0      -      -      0    916    521 
    2    202     69      -     98     42      0      0      0      0  13365   2280      0      0  89166  89167      0      -      -      0    736    480 
    3    193     63      -     98     40      0      0      0      0  13365   2272      0      0  89166  89167      0      -      -      0    905    516 
    0     94     67      -      0      0      0      0      0      0  13365   2310      0      0  89162  89163      0      -      -      0      0      0 
    1     83     66      -      0      0      0      0      0      0  13365   2302      0      0  89164  89165      0      -      -      0      0      0 
    2     83     67      -      0      0      0      0      0      0  13365   2310      0      0  89166  89167      0      -      -      0      0      0 
    3     79     62      -      0      0      0      0      0      0  13365   2302      0      0  89166  89167      0      -      -      0      0      0 
    0    223     72      -     98     35      0      0      0      0  13365   2287      0      0  89162  89163      0      -      -      0    751    500 
    1    203     71      -     98     43      0      0      0      0  13365   2265      0      0  89164  89165      0      -      -      0    959    526 
    2    208     73      -     98     41      0      0      0      0  13365   2280      0      0  89166  89167      0      -      -      0    684    471 
    3    199     67      -     98     40      0      0      0      0  13365   2272      0      0  89166  89167      0      -      -      0    950    501 
# gpu    pwr  gtemp  mtemp     sm    mem    enc    dec    jpg    ofa   mclk   pclk  pviol  tviol     fb   bar1   ccpm  sbecc  dbecc    pci  rxpci  txpci 
# Idx      W      C      C      %      %      %      %      %      %    MHz    MHz      %   bool     MB     MB     MB   errs   errs   errs   MB/s   MB/s 
    0    220     73      -     99     35      0      0      0      0  13365   2227      0      0  89162  89163      0      -      -      0   1072    772 
    1    205     72      -     98     42      0      0      0      0  13365   2257      0      0  89164  89165      0      -      -      0   1398    823 
    2    205     74      -     99     40      0      0      0      0  13365   2272      0      0  89166  89167      0      -      -      0   1086    767 
    3    200     69      -     99     39      0      0      0      0  13365   2265      0      0  89166  89167      0      -      -      0   1341    835 
    0     98     71      -      0      0      0      0      0      0  13365   2332      0      0  89162  89163      0      -      -      0      0      0 
    1     87     70      -      0      0      0      0      0      0  13365   2302      0      0  89164  89165      0      -      -      0      0      2 
    2     86     72      -      0      0      0      0      0      0  13365   2317      0      0  89166  89167      0      -      -      0      0      0 
    3     82     67      -      0      0      0      0      0      0  13365   2317      0      0  89166  89167      0      -      -      0      0      0 
    0     99     72      -      0      0      0      0      0      0  13365   2332      0      0  89162  89163      0      -      -      0      0      0 
    1     88     71      -      0      0      0      0      0      0  13365   2287      0      0  89164  89165      0      -      -      0      0      0 
    2     86     72      -      0      0      0      0      0      0  13365   2317      0      0  89166  89167      0      -      -      0      0      0 
    3     83     68      -      0      0      0      0      0      0  13365   2302      0      0  89166  89167      0      -      -      0      0      0 
    0     95     70      -      0      0      0      0      0      0  13365   2272      0      0  89162  89163      0      -      -      0      0      1 
    1     86     69      -      0      0      0      0      0      0  13365   2272      0      0  89164  89165      0      -      -      0      0      0 
    2     84     70      -      0      0      0      0      0      0  13365   2272      0      0  89166  89167      0      -      -      0      0      0 
    3     80     66      -      0      0      0      0      0      0  13365   2272      0      0  89166  89167      0      -      -      0      0      2 
    0     94     69      -      0      0      0      0      0      0  13365   2272      0      0  89162  89163      0      -      -      0      0      2 
    1     84     68      -      0      0      0      0      0      0  13365   2272      0      0  89164  89165      0      -      -      0      0      2 
    2     83     69      -      0      0      0      0      0      0  13365   2272      0      0  89166  89167      0      -      -      0      0      2 
    3     79     65      -      0      0      0      0      0      0  13365   2272      0      0  89166  89167      0      -      -      0      0      0 
    0     92     68      -      0      0      0      0      0      0  13365   2272      0      0  89162  89163      0      -      -      0      0      0 
    1     83     66      -      0      0      0      0      0      0  13365   2272      0      0  89164  89165      0      -      -      0      0      1 
    2     82     68      -      0      0      0      0      0      0  13365   2272      0      0  89166  89167      0      -      -      0      0      0 
    3     79     64      -      0      0      0      0      0      0  13365   2272      0      0  89166  89167      0      -      -      0      0      0 
    0     19     64      -      0      0      0      0      0      0    405    180      0      0  89162  89163      0      -      -      0      0      0 
    1     19     63      -      0      0      0      0      0      0    405    180      0      0  89164  89165      0      -      -      0      0      0 
    2     14     65      -      0      0      0      0      0      0    405    180      0      0  89166  89167      0      -      -      0      0      0 
    3     12     61      -      0      0      0      0      0      0    405    180      0      0  89166  89167      0      -      -      0      0      0 
    0    105     64      -      0      0      0      0      0      0  13365   2332      0      0  89162  89163      0      -      -      0      0      2 
    1     80     63      -      0      0      0      0      0      0  13365   2280      0      0  89164  89165      0      -      -      0      0      0 
    2     80     65      -      0      0      0      0      0      0  13365   2310      0      0  89166  89167      0      -      -      0      0      0 
    3     78     61      -      0      0      0      0      0      0  13365   2287      0      0  89166  89167      0      -      -      0      0      0 
    0     86     64      -      0      0      0      0      0      0  13365   2272      0      0  89162  89163      0      -      -      0      0      0 
    1     77     62      -      0      0      0      0      0      0  13365   2272      0      0  89164  89165      0      -      -      0      0      2 
    2     74     64      -      0      0      0      0      0      0  13365   2272      0      0  89166  89167      0      -      -      0      0      2 
    3     76     60      -      0      0      0      0      0      0  13365   2272      0      0  89166  89167      0      -      -      0      0      0 
    0     18     61      -      0      0      0      0      0      0    405    180      0      0  89162  89163      0      -      -      0      0      0 
    1     17     60      -      0      0      0      0      0      0    405    180      0      0  89164  89165      0      -      -      0      0      0 
    2     12     62      -      0      0      0      0      0      0    405    180      0      0  89166  89167      0      -      -      0      0      0 
    3     12     58      -      0      0      0      0      0      0    405    180      0      0  89166  89167      0      -      -      0      0      0 
    0    223     66      -    100     21      0      0      0      0  13365   1995      9      0  89162  89163      0      -      -      0      0  17510 
    1    214     66      -    100      8      0      0      0      0  13365   2092      9      0  89164  89165      0      -      -      0  12324  17302 
    2    217     73      -    100     21      0      0      0      0  13365   2025      9      0  89166  89167      0      -      -      0  19581  15577 
    3    211     69      -    100     21      0      0      0      0  13365   2107      9      0  89166  89167      0      -      -      0   9051  24451 
# gpu    pwr  gtemp  mtemp     sm    mem    enc    dec    jpg    ofa   mclk   pclk  pviol  tviol     fb   bar1   ccpm  sbecc  dbecc    pci  rxpci  txpci 
# Idx      W      C      C      %      %      %      %      %      %    MHz    MHz      %   bool     MB     MB     MB   errs   errs   errs   MB/s   MB/s 
    0    232     71      -     98     38      0      0      0      0  13365   2280     10      0  89162  89163      0      -      -      0    781    499 
    1    213     70      -     98     46      0      0      0      0  13365   2265      9      0  89164  89165      0      -      -      0   1006    517 
    2    216     71      -     98     45      0      0      0      0  13365   2272      8      0  89166  89167      0      -      -      0    749    497 
    3    209     67      -     98     44      0      0      0      0  13365   2272      8      0  89166  89167      0      -      -      0    881    503 
    0    211     73      -    100     20      0      0      0      0  13365   1972      8      0  89162  89163      0      -      -      0  18072  19522 
    1    197     71      -    100     21      0      0      0      0  13365   2010      7      0  89164  89165      0      -      -      0   8663  19609 
    2    202     74      -    100     17      0      0      0      0  13365   2092      7      0  89166  89167      0      -      -      0  19777     44 
    3    205     74      -    100     11      0      0      0      0  13365   1995      7      0  89166  89167      0      -      -      0      0      2 
    0    234     76      -     98     37      0      0      0      0  13365   2265     23      0  89162  89163      0      -      -      0   1096    784 
    1    220     75      -     98     46      0      0      0      0  13365   2257     20      0  89164  89165      0      -      -      0   1418    852 
    2    222     76      -     98     45      0      0      0      0  13365   2272     16      0  89166  89167      0      -      -      0   1196    787 
    3    217     72      -     98     43      0      0      0      0  13365   2265     19      0  89166  89167      0      -      -      0   1369    828 
    0     97     72      -      0      0      0      0      0      0  13365   2272      0      0  89162  89163      0      -      -      0      0      0 
    1     87     71      -      0      0      0      0      0      0  13365   2272      0      0  89164  89165      0      -      -      0      0      0 
    2     85     72      -      0      0      0      0      0      0  13365   2272      0      0  89166  89167      0      -      -      0      0      0 
    3     82     68      -      0      0      0      0      0      0  13365   2272      0      0  89166  89167      0      -      -      0      0      0 
    0    240     77      -     98     37      0      0      0      0  13365   2280      0      0  89162  89163      0      -      -      0    823    522 
    1    220     76      -     98     46      0      0      0      0  13365   2265      0      0  89164  89165      0      -      -      0   1005    548 
    2    225     77      -     98     45      0      0      0      0  13365   2280      0      0  89166  89167      0      -      -      0    760    518 
    3    216     73      -     98     44      0      0      0      0  13365   2272      0      0  89166  89167      0      -      -      0    871    545 
    0    237     79      -     98     38      0      0      0      0  13365   2287      1      0  89162  89163      0      -      -      0    800    535 
    1    222     77      -     98     46      0      0      0      0  13365   2265      0      0  89164  89165      0      -      -      0    991    535 
    2    213     79      -    100     17      0      0      0      0  13365   2280      0      0  89166  89167      0      -      -      0    806    498 
    3    211     74      -    100     18      0      0      0      0  13365   2250      0      0  89166  89167      0      -      -      0    853    520 
    0    245     80      -     98     37      0      0      0      0  13365   2280      0      0  89162  89163      0      -      -      0    855    518 
    1    226     79      -     98     46      0      0      0      0  13365   2272      0      0  89164  89165      0      -      -      0    976    537 
    2    232     80      -     98     45      0      0      0      0  13365   2280      0      0  89166  89167      0      -      -      0    818    510 
    3    224     76      -     98     44      0      0      0      0  13365   2280      0      0  89166  89167      0      -      -      0    931    541 
    0    131     81      -    100     16      0      0      0      0  13365   2220      0      0  89162  89163      0      -      -      0    873    506 
    1    124     80      -    100     17      0      0      0      0  13365   2145      0      0  89164  89165      0      -      -      0    941    534 
    2    136     81      -     99     20      0      0      0      0  13365   2130      0      0  89166  89167      0      -      -      0    778    504 
    3    141     77      -     99     26      0      0      0      0  13365   2160      0      0  89166  89167      0      -      -      0    872    523 
    0    151     76      -      0      0      0      0      0      0  13365   2332      0      0  89162  89163      0      -      -      0      0      0 
    1    131     75      -      0      0      0      0      0      0  13365   2302      0      0  89164  89165      0      -      -      0      0      0 
    2    116     77      -      0      0      0      0      0      0  13365   2317      0      0  89166  89167      0      -      -      0      0      0 
    3    110     72      -      0      0      0      0      0      0  13365   2317      0      0  89166  89167      0      -      -      0      0      0 
    0    212     79      -    100     19      0      0      0      0  13365   2107      5      0  89162  89163      0      -      -      0  19374      1 
    1    195     79      -    100     17      0      0      0      0  13365   2130      2      0  89164  89165      0      -      -      0  11238  14860 
    2    199     80      -    100     21      0      0      0      0  13365   2115      2      0  89166  89167      0      -      -      0  17134  15342 
    3    197     74      -    100     21      0      0      0      0  13365   2122      2      0  89166  89167      0      -      -      0  11802  16365 
    0    213     79      -    100     14      0      0      0      0  13365   2100     25      0  89162  89163      0      -      -      0  18426  18066 
    1    198     79      -    100     18      0      0      0      0  13365   2092     13      0  89164  89165      0      -      -      0   8647  21974 
    2    200     80      -    100     21      0      0      0      0  13365   2115     14      0  89166  89167      0      -      -      0  18686   3154 
    3    196     75      -    100     21      0      0      0      0  13365   2122     12      0  89166  89167      0      -      -      0      1      2 
# gpu    pwr  gtemp  mtemp     sm    mem    enc    dec    jpg    ofa   mclk   pclk  pviol  tviol     fb   bar1   ccpm  sbecc  dbecc    pci  rxpci  txpci 
# Idx      W      C      C      %      %      %      %      %      %    MHz    MHz      %   bool     MB     MB     MB   errs   errs   errs   MB/s   MB/s 
    0    244     82      -     98     36      0      0      0      0  13365   2280     29      0  89162  89163      0      -      -      0    784    480 
    1    223     80      -     98     44      0      0      0      0  13365   2265     22      0  89164  89165      0      -      -      0    830    511 
    2    227     82      -     98     42      0      0      0      0  13365   2280     23      0  89166  89167      0      -      -      0    727    482 
    3    219     77      -     98     42      0      0      0      0  13365   2280     22      0  89166  89167      0      -      -      0    814    509 
    0    237     86      -    100      9      0      0      0      0  13365   2070     27      0  89162  89163      0      -      -      0  11371  22435 
    1    224     82      -    100      5      0      0      0      0  13365   1972     16      0  89164  89165      0      -      -      0  12271  12825 
    2    227     82      -    100     21      0      0      0      0  13365   1965     18      0  89166  89167      0      -      -      0  19938  15429 
    3    223     77      -    100     21      0      0      0      0  13365   1995     15      0  89166  89167      0      -      -      0   8700  21344 
    0    136     79      -      0      0      0      0      0      0  13365   2332     22      0  89162  89163      0      -      -      0      0      0 
    1    107     78      -      0      0      0      0      0      0  13365   2302     18      0  89164  89165      0      -      -      0      0      2 
    2    168     80      -      0      0      0      0      0      0  13365   2325     18      0  89166  89167      0      -      -      0      0      2 
    3    137     75      -      0      0      0      0      0      0  13365   2325     17      0  89166  89167      0      -      -      0      0      0 
    0    231     81      -     98     31      0      0      0      0  13365   2100      2      0  89162  89163      0      -      -      0   4376    356 
    1    213     81      -     99     31      0      0      0      0  13365   2077      1      0  89164  89165      0      -      -      0  15833  14647 
    2    217     81      -    100     14      0      0      0      0  13365   2032      2      0  89166  89167      0      -      -      0  13825  19201 
    3    209     74      -    100     13      0      0      0      0  13365   2092      2      0  89166  89167      0      -      -      0  15555   6081 
    0    244     81      -     98     36      0      0      0      0  13365   2280      6      0  89162  89163      0      -      -      0    823    490 
    1    223     79      -     98     44      0      0      0      0  13365   2265      4      0  89164  89165      0      -      -      0    878    502 
    2    229     81      -     98     43      0      0      0      0  13365   2280      4      0  89166  89167      0      -      -      0    745    470 
    3    220     76      -     98     42      0      0      0      0  13365   2280      4      0  89166  89167      0      -      -      0    777    499 
    0    191     80      -    100     18      0      0      0      0  13365   1987      5      0  89162  89163      0      -      -      0  10235      1 
    1    199     79      -    100     12      0      0      0      0  13365   1920      4      0  89164  89165      0      -      -      0      0  17980 
    2    201     81      -    100     22      0      0      0      0  13365   2032      5      0  89166  89167      0      -      -      0  13741  17071 
    3    207     77      -    100     20      0      0      0      0  13365   1920      5      0  89166  89167      0      -      -      0  15542  17550 
    0    208     82      -     98     36      0      0      0      0  13365   2287     11      0  89162  89163      0      -      -      0    739    482 
    1    197     80      -     98     45      0      0      0      0  13365   2265      8      0  89164  89165      0      -      -      0    955    502 
    2    202     82      -     98     43      0      0      0      0  13365   2280      9      0  89166  89167      0      -      -      0    731    472 
    3    210     76      -     98     42      0      0      0      0  13365   2272      7      0  89166  89167      0      -      -      0    813    494 
    0    249     82      -     98     36      0      0      0      0  13365   2280      1      0  89162  89163      0      -      -      0    797    475 
    1    226     80      -     98     45      0      0      0      0  13365   2265      0      0  89164  89165      0      -      -      0    971    504 
    2    235     82      -     98     44      0      0      0      0  13365   2280      0      0  89166  89167      0      -      -      0    669    481 
    3    223     77      -     98     42      0      0      0      0  13365   2280      0      0  89166  89167      0      -      -      0    829    491 
    0    111     79      -      0      0      0      0      0      0  13365   2332      1      0  89162  89163      0      -      -      0      0      0 
    1    106     77      -      0      0      0      0      0      0  13365   2302      0      0  89164  89165      0      -      -      0      0      0 
    2    116     79      -      0      0      0      0      0      0  13365   2325      0      0  89166  89167      0      -      -      0      0      0 
    3     96     73      -      0      0      0      0      0      0  13365   2325      0      0  89166  89167      0      -      -      0      0      0 
    0    250     82      -     98     37      0      0      0      0  13365   2287      1      0  89162  89163      0      -      -      0      0      1 
    1    226     80      -     98     45      0      0      0      0  13365   2265      0      0  89164  89165      0      -      -      0      0      0 
    2    233     82      -     98     43      0      0      0      0  13365   2280      0      0  89166  89167      0      -      -      0      0      1 
    3    222     76      -     98     42      0      0      0      0  13365   2280      0      0  89166  89167      0      -      -      0      0      0 
    0    249     82      -     98     37      0      0      0      0  13365   2287      4      0  89162  89163      0      -      -      0    771    480 
    1    218     80      -     98     45      0      0      0      0  13365   2265      0      0  89164  89165      0      -      -      0    931    494 
    2    211     82      -     98     43      0      0      0      0  13365   2280      0      0  89166  89167      0      -      -      0    774    473 
    3    217     76      -     98     42      0      0      0      0  13365   2280      0      0  89166  89167      0      -      -      0    796    488 
# gpu    pwr  gtemp  mtemp     sm    mem    enc    dec    jpg    ofa   mclk   pclk  pviol  tviol     fb   bar1   ccpm  sbecc  dbecc    pci  rxpci  txpci 
# Idx      W      C      C      %      %      %      %      %      %    MHz    MHz      %   bool     MB     MB     MB   errs   errs   errs   MB/s   MB/s 
    0    249     82      -     98     36      0      0      0      0  13365   2287      2      0  89162  89163      0      -      -      0    786    476 
    1    227     80      -     98     45      0      0      0      0  13365   2265      1      0  89164  89165      0      -      -      0    871    494 
    2    233     82      -     98     44      0      0      0      0  13365   2280      1      0  89166  89167      0      -      -      0    709    470 
    3    222     76      -     98     42      0      0      0      0  13365   2280      0      0  89166  89167      0      -      -      0    828    484 
    0    241     83      -     99     36      0      0      0      0  13365   2265      3      0  89162  89163      0      -      -      0   1019    740 
    1    221     80      -     99     44      0      0      0      0  13365   2257      0      0  89164  89165      0      -      -      0   1361    816 
    2    224     82      -     99     43      0      0      0      0  13365   2272      0      0  89166  89167      0      -      -      0   1009    617 
    3    216     76      -     99     42      0      0      0      0  13365   2265      0      0  89166  89167      0      -      -      0    824    495 
    0    243     83      -     99     36      0      0      0      0  13365   2280      5      0  89162  89163      0      -      -      0    825    503 
    1    223     81      -     99     44      0      0      0      0  13365   2265      1      0  89164  89165      0      -      -      0    914    520 
    2    226     83      -     99     43      0      0      0      0  13365   2280      3      0  89166  89167      0      -      -      0    724    481 
    3    218     77      -     99     41      0      0      0      0  13365   2265      1      0  89166  89167      0      -      -      0    824    496 
    0    245     84      -     99     36      0      0      0      0  13365   2272      6      0  89162  89163      0      -      -      0    859    496 
    1    225     82      -     99     44      0      0      0      0  13365   2265      0      0  89164  89165      0      -      -      0    882    521 
    2    227     84      -     99     42      0      0      0      0  13365   2280      0      0  89166  89167      0      -      -      0    696    483 
    3    218     78      -     99     42      0      0      0      0  13365   2272      0      0  89166  89167      0      -      -      0    888    520 
    0    257     87      -     98     35      0      0      0      0  13365   2085      5      0  89162  89163      0      -      -      0   1135    756 
    1    239     84      -    100     14      0      0      0      0  13365   2070      1      0  89164  89165      0      -      -      0   1388    798 
    2    243     87      -    100     14      0      0      0      0  13365   2055      2      0  89166  89167      0      -      -      0   1119    769 
    3    241     79      -    100     14      0      0      0      0  13365   2085      0      0  89166  89167      0      -      -      0   1202    804 
    0    250     85      -     98     35      0      0      0      0  13365   2287      0      0  89162  89163      0      -      -      0    783    498 
    1    226     83      -     98     43      0      0      0      0  13365   2265      0      0  89164  89165      0      -      -      0    981    515 
    2    231     84      -     98     41      0      0      0      0  13365   2287      0      0  89166  89167      0      -      -      0    705    486 
    3    219     78      -     98     40      0      0      0      0  13365   2280      0      0  89166  89167      0      -      -      0    796    518 
    0    249     85      -     98     35      0      0      0      0  13365   2287     14      0  89162  89163      0      -      -      0   5631  14422 
    1    228     83      -     98     43      0      0      0      0  13365   2265     13      0  89164  89165      0      -      -      0   6337   6007 
    2    231     85      -     98     41      0      0      0      0  13365   2280     15      0  89166  89167      0      -      -      0  10037   9049 
    3    220     79      -     98     40      0      0      0      0  13365   2280     11      0  89166  89167      0      -      -      0   5123   9294 
    0    101     78      -      0      0      0      0      0      0  13365   2272      3      0  89162  89163      0      -      -      0      0      0 
    1     92     77      -      0      0      0      0      0      0  13365   2272      2      0  89164  89165      0      -      -      0      0      2 
    2     88     79      -      0      0      0      0      0      0  13365   2272      1      0  89166  89167      0      -      -      0      0      2 
    3     86     73      -      0      0      0      0      0      0  13365   2272      1      0  89166  89167      0      -      -      0      0      0 
    0    106     78      -      0      0      0      0      0      0  13365   2332      6      0  89162  89163      0      -      -      0      0      0 
    1    102     77      -      0      0      0      0      0      0  13365   2302      2      0  89164  89165      0      -      -      0      0      1 
    2    111     78      -      0      0      0      0      0      0  13365   2317      3      0  89166  89167      0      -      -      0      0      0 
    3     92     73      -      0      0      0      0      0      0  13365   2317      1      0  89166  89167      0      -      -      0      0      0 
    0    244     81      -     99     22      0      0      0      0  13365   2070     13      0  89162  89163      0      -      -      0   1065    724 
    1    229     79      -     99     14      0      0      0      0  13365   2107      8      0  89164  89165      0      -      -      0   1319    792 
    2    234     81      -    100     14      0      0      0      0  13365   2197     10      0  89166  89167      0      -      -      0   1083    737 
    3    229     75      -    100     14      0      0      0      0  13365   2115      7      0  89166  89167      0      -      -      0   1181    790 
    0    240     81      -     98     36      0      0      0      0  13365   2287      0      0  89162  89163      0      -      -      0   8562  10775 
    1    220     81      -     99     13      0      0      0      0  13365   2265      0      0  89164  89165      0      -      -      0   5304   9135 
    2    225     81      -    100     13      0      0      0      0  13365   2182      0      0  89166  89167      0      -      -      0  10205   6800 
    3    212     75      -     98     40      0      0      0      0  13365   2280      0      0  89166  89167      0      -      -      0   5050  10629 
# gpu    pwr  gtemp  mtemp     sm    mem    enc    dec    jpg    ofa   mclk   pclk  pviol  tviol     fb   bar1   ccpm  sbecc  dbecc    pci  rxpci  txpci 
# Idx      W      C      C      %      %      %      %      %      %    MHz    MHz      %   bool     MB     MB     MB   errs   errs   errs   MB/s   MB/s 
    0    221     79      -     98     36      0      0      0      0  13365   2287      2      0  89162  89163      0      -      -      0    676      2 
    1    206     78      -     98     42      0      0      0      0  13365   2265      1      0  89164  89165      0      -      -      0      0      0 
    2    209     79      -     98     42      0      0      0      0  13365   2280      1      0  89166  89167      0      -      -      0      0      0 
    3    208     74      -     98     41      0      0      0      0  13365   2272      1      0  89166  89167      0      -      -      0      0      0 
    0    239     80      -     99     37      0      0      0      0  13365   2265     13      0  89162  89163      0      -      -      0   1119    740 
    1    221     78      -     99     45      0      0      0      0  13365   2257      6      0  89164  89165      0      -      -      0   1370    780 
    2    221     80      -     99     43      0      0      0      0  13365   2265      6      0  89166  89167      0      -      -      0   1102    733 
    3    215     74      -     99     42      0      0      0      0  13365   2265      5      0  89166  89167      0      -      -      0   1261    776 
    0    238     80      -     99     36      0      0      0      0  13365   2265      0      0  89162  89163      0      -      -      0    998    732 
    1    221     79      -     99     44      0      0      0      0  13365   2257      0      0  89164  89165      0      -      -      0   1379    787 
    2    221     80      -     99     43      0      0      0      0  13365   2272      0      0  89166  89167      0      -      -      0   1114    742 
    3    215     75      -     99     42      0      0      0      0  13365   2265      0      0  89166  89167      0      -      -      0   1240    780 
    0    240     81      -     98     36      0      0      0      0  13365   2287      0      0  89162  89163      0      -      -      0  13056  15133 
    1    214     79      -     98     43      0      0      0      0  13365   2212      0      0  89164  89165      0      -      -      0  13121  16290 
    2    217     80      -     98     42      0      0      0      0  13365   2182      0      0  89166  89167      0      -      -      0  12282  16433 
    3    206     76      -     98     42      0      0      0      0  13365   2235      0      0  89166  89167      0      -      -      0  12174  16511 
    0    243     81      -     98     36      0      0      0      0  13365   2280     14      0  89162  89163      0      -      -      0    741    468 
    1    220     79      -     98     44      0      0      0      0  13365   2265      5      0  89164  89165      0      -      -      0    903    505 
    2    225     81      -     98     42      0      0      0      0  13365   2280      7      0  89166  89167      0      -      -      0    711    473 
    3    214     75      -     98     41      0      0      0      0  13365   2272      5      0  89166  89167      0      -      -      0    825    501 
    0    217     81      -    100     16      0      0      0      0  13365   2107      3      0  89162  89163      0      -      -      0  19839  15342 
    1    198     79      -    100     22      0      0      0      0  13365   2085      1      0  89164  89165      0      -      -      0   8833  23752 
    2    199     81      -    100     21      0      0      0      0  13365   2100      2      0  89166  89167      0      -      -      0  17049  10690 
    3    201     76      -    100     18      0      0      0      0  13365   2115      1      0  89166  89167      0      -      -      0  13983  23638 
    0    249     86      -    100     11      0      0      0      0  13365   1942     38      0  89162  89163      0      -      -      0   3016   1498 
    1    236     83      -    100     15      0      0      0      0  13365   1950     26      0  89164  89165      0      -      -      0   3417   1614 
    2    239     83      -    100     14      0      0      0      0  13365   2025     28      0  89166  89167      0      -      -      0   2800   1446 
    3    236     79      -    100     14      0      0      0      0  13365   1957     25      0  89166  89167      0      -      -      0   3681   1642 
    0    237     81      -    100      6      0      0      0      0  13365   1950     24      0  89162  89163      0      -      -      0      0      1 
    1    225     84      -    100     23      0      0      0      0  13365   2055     16      0  89164  89165      0      -      -      0  10651  15464 
    2    227     82      -    100     22      0      0      0      0  13365   1987     17      0  89166  89167      0      -      -      0  17378  14444 
    3    223     78      -    100     17      0      0      0      0  13365   1980     16      0  89166  89167      0      -      -      0  13086  16673 
    0    122     79      -      0      0      0      0      0      0  13365   2332      9      0  89162  89163      0      -      -      0      0  19891 
    1     93     77      -      0      0      0      0      0      0  13365   2302      6      0  89164  89165      0      -      -      0  10853  18152 
    2     91     79      -      0      0      0      0      0      0  13365   2302      6      0  89166  89167      0      -      -      0  14588  17491 
    3    102     75      -      0      0      0      0      0      0  13365   2317      5      0  89166  89167      0      -      -      0  13172  13094 
    0    238     86      -    100     18      0      0      0      0  13365   2122     28      0  89162  89163      0      -      -      0  17937  17896 
    1    215     80      -    100     16      0      0      0      0  13365   2002     19      0  89164  89165      0      -      -      0      0      1 
    2    218     83      -    100     14      0      0      0      0  13365   2010     20      0  89166  89167      0      -      -      0   2644  22723 
    3    221     80      -    100     21      0      0      0      0  13365   1995     19      0  89166  89167      0      -      -      0  19381  13032 
    0    115     79      -      0      0      0      0      0      0  13365   2332     30      0  89162  89163      0      -      -      0  17535  14510 
    1     99     78      -      0      0      0      0      0      0  13365   2302     25      0  89164  89165      0      -      -      0  12806  14104 
    2     91     79      -      0      0      0      0      0      0  13365   2317     25      0  89166  89167      0      -      -      0  18454  18234 
    3     95     75      -     95     18      0      0      0      0  13365   2325     23      0  89166  89167      0      -      -      0  16909  15930 
# gpu    pwr  gtemp  mtemp     sm    mem    enc    dec    jpg    ofa   mclk   pclk  pviol  tviol     fb   bar1   ccpm  sbecc  dbecc    pci  rxpci  txpci 
# Idx      W      C      C      %      %      %      %      %      %    MHz    MHz      %   bool     MB     MB     MB   errs   errs   errs   MB/s   MB/s 
    0    244     82      -     98     36      0      0      0      0  13365   2287      6      0  89162  89163      0      -      -      0    755    489 
    1    224     81      -     98     43      0      0      0      0  13365   2265      5      0  89164  89165      0      -      -      0    898    511 
    2    227     83      -     98     42      0      0      0      0  13365   2280      5      0  89166  89167      0      -      -      0    689    461 
    3    219     77      -     98     41      0      0      0      0  13365   2280      5      0  89166  89167      0      -      -      0    863    507 
    0    216     80      -     98     36      0      0      0      0  13365   2317      9      0  89162  89163      0      -      -      0      0      0 
    1    225     82      -     98     43      0      0      0      0  13365   2265      9      0  89164  89165      0      -      -      0      0      0 
    2    230     83      -     98     43      0      0      0      0  13365   2280     10      0  89166  89167      0      -      -      0      0      3 
    3    220     78      -     91     38      0      0      0      0  13365   2280      9      0  89166  89167      0      -      -      0      0      0 
    0    241     83      -     99     36      0      0      0      0  13365   2265      8      0  89162  89163      0      -      -      0    964    749 
    1    226     82      -     99     44      0      0      0      0  13365   2257      5      0  89164  89165      0      -      -      0   1429    802 
    2    225     83      -     99     42      0      0      0      0  13365   2272      7      0  89166  89167      0      -      -      0   1112    767 
    3    220     78      -     99     41      0      0      0      0  13365   2265      4      0  89166  89167      0      -      -      0   1289    779 
    0    243     83      -     99     36      0      0      0      0  13365   2272      0      0  89162  89163      0      -      -      0    714    474 
    1    227     83      -     99     44      0      0      0      0  13365   2257      0      0  89164  89165      0      -      -      0    844    502 
    2    227     84      -     99     42      0      0      0      0  13365   2272      0      0  89166  89167      0      -      -      0    719    461 
    3    220     78      -     99     41      0      0      0      0  13365   2272      0      0  89166  89167      0      -      -      0    787    490 
    0    253     84      -     99     36      0      0      0      0  13365   2272     13      0  89162  89163      0      -      -      0    771    485 
    1    234     83      -     98     44      0      0      0      0  13365   2257      7      0  89164  89165      0      -      -      0    916    506 
    2    235     84      -     98     43      0      0      0      0  13365   2272      6      0  89166  89167      0      -      -      0    771    472 
    3    226     78      -     98     41      0      0      0      0  13365   2265      5      0  89166  89167      0      -      -      0    775    489 
    0    252     85      -     98     36      0      0      0      0  13365   2287      0      0  89162  89163      0      -      -      0    752    475 
    1    227     83      -     98     43      0      0      0      0  13365   2265      0      0  89164  89165      0      -      -      0    846    518 
    2    231     84      -     98     42      0      0      0      0  13365   2280      0      0  89166  89167      0      -      -      0    726    475 
    3    222     79      -     98     41      0      0      0      0  13365   2280      0      0  89166  89167      0      -      -      0    823    513 
    0    212     84      -    100     16      0      0      0      0  13365   2137      8      0  89162  89163      0      -      -      0  20233  13433 
    1    196     82      -    100     21      0      0      0      0  13365   2145      3      0  89164  89165      0      -      -      0  10153  14174 
    2    201     83      -    100     21      0      0      0      0  13365   2145      2      0  89166  89167      0      -      -      0  19448  12949 
    3    197     80      -    100     19      0      0      0      0  13365   2152      2      0  89166  89167      0      -      -      0  10609  23360 
    0    212     84      -    100     16      0      0      0      0  13365   2137     23      0  89162  89163      0      -      -      0   6661  16986 
    1    196     83      -    100     20      0      0      0      0  13365   2115     13      0  89164  89165      0      -      -      0  19691  12615 
    2    200     83      -    100     21      0      0      0      0  13365   2152     12      0  89166  89167      0      -      -      0  12269  22043 
    3    196     78      -    100     17      0      0      0      0  13365   2137     10      0  89166  89167      0      -      -      0  18530  17804 
    0    214     82      -    100     20      0      0      0      0  13365   2115     26      0  89162  89163      0      -      -      0  12030  24738 
    1    199     82      -    100     16      0      0      0      0  13365   2107     13      0  89164  89165      0      -      -      0  11841  14429 
    2    201     84      -    100     18      0      0      0      0  13365   2115     12      0  89166  89167      0      -      -      0  17045  15687 
    3    194     77      -    100     22      0      0      0      0  13365   2145     11      0  89166  89167      0      -      -      0  11579  14213 
    0    231     85      -     99     51      0      0      0      0  13365   2190      6      0  89162  89163      0      -      -      0   3519   2999 
    1    220     84      -     99     54      0      0      0      0  13365   2220      5      0  89164  89165      0      -      -      0   3763   3169 
    2    224     84      -    100     17      0      0      0      0  13365   2167      4      0  89166  89167      0      -      -      0   3466   3182 
    3    217     79      -    100     17      0      0      0      0  13365   2182      3      0  89166  89167      0      -      -      0   4023   3170 
    0    295     86      -     99     50      0      0      0      0  13365   2227     16      0  89162  89163      0      -      -      0   3528   3089 
    1    274     85      -     99     55      0      0      0      0  13365   2220      6      0  89164  89165      0      -      -      0   4350   3245 
    2    280     86      -     99     56      0      0      0      0  13365   2227      6      0  89166  89167      0      -      -      0   3418   3109 
    3    274     80      -     99     55      0      0      0      0  13365   2227      5      0  89166  89167      0      -      -      0   3957   2957 
# gpu    pwr  gtemp  mtemp     sm    mem    enc    dec    jpg    ofa   mclk   pclk  pviol  tviol     fb   bar1   ccpm  sbecc  dbecc    pci  rxpci  txpci 
# Idx      W      C      C      %      %      %      %      %      %    MHz    MHz      %   bool     MB     MB     MB   errs   errs   errs   MB/s   MB/s 
    0    296     87      -     99     49      0      0      0      0  13365   2227     25      0  89162  89163      0      -      -      0   3568   2909 
    1    277     86      -     99     55      0      0      0      0  13365   2220      0      0  89164  89165      0      -      -      0   4027   3236 
    2    283     87      -     99     56      0      0      0      0  13365   2227      0      0  89166  89167      0      -      -      0   3596   3128 
    3    276     82      -     99     55      0      0      0      0  13365   2220      0      0  89166  89167      0      -      -      0   3819   3145 
    0    297     88      -     99     49      0      0      0      0  13365   2227     70      0  89162  89163      0      -      -      0   3637   3187 
    1    279     87      -     99     55      0      0      0      0  13365   2220      0      0  89164  89165      0      -      -      0   4169   3286 
    2    283     88      -     99     55      0      0      0      0  13365   2227      0      0  89166  89167      0      -      -      0   3550   3108 
    3    278     83      -     99     55      0      0      0      0  13365   2220      0      0  89166  89167      0      -      -      0   3749   3044 
    0    300     88      -     99     50      0      0      0      0  13365   2205     69      0  89162  89163      0      -      -      0   3671   3073 
    1    283     87      -     99     56      0      0      0      0  13365   2220      2      0  89164  89165      0      -      -      0   3932   3175 
    2    286     88      -     99     56      0      0      0      0  13365   2227      2      0  89166  89167      0      -      -      0   3379   2919 
    3    281     83      -     99     57      0      0      0      0  13365   2220      1      0  89166  89167      0      -      -      0   3562   3091 
    0    292     88      -     99     49      0      0      0      0  13365   2227     44      0  89162  89163      0      -      -      0   3561   3180 
    1    242     87      -     99     46      0      0      0      0  13365   2227      0      0  89164  89165      0      -      -      0   4343   3259 
    2    258     87      -     97     47      0      0      0      0  13365   2227      0      0  89166  89167      0      -      -      0   3621   3167 
    3    255     83      -     99     54      0      0      0      0  13365   2220      0      0  89166  89167      0      -      -      0   4069   3254 
    0    301     87      -     99     51      0      0      0      0  13365   2220     41      0  89162  89163      0      -      -      0   3802   3048 
    1    282     87      -     99     55      0      0      0      0  13365   2220     11      0  89164  89165      0      -      -      0   3775   2969 
    2    286     87      -     99     57      0      0      0      0  13365   2227     10      0  89166  89167      0      -      -      0   3193   3033 
    3    284     84      -     99     56      0      0      0      0  13365   2220      6      0  89166  89167      0      -      -      0   3687   3121 
    0    299     87      -     99     50      0      0      0      0  13365   2220     87      0  89162  89163      0      -      -      0   3693   3115 
    1    282     87      -     99     55      0      0      0      0  13365   2220      0      0  89164  89165      0      -      -      0   3599   3137 
    2    284     87      -     99     56      0      0      0      0  13365   2227      0      0  89166  89167      0      -      -      0   3443   2895 
    3    284     84      -     99     56      0      0      0      0  13365   2220      0      0  89166  89167      0      -      -      0   3456   3163 
    0    300     88      -     99     49      0      0      0      0  13365   2220     92      0  89162  89163      0      -      -      0   3183   3070 
    1    282     88      -     99     55      0      0      0      0  13365   2220      0      0  89164  89165      0      -      -      0   3860   3275 
    2    284     87      -     99     56      0      0      0      0  13365   2227      0      0  89166  89167      0      -      -      0   3389   3054 
    3    285     85      -     99     56      0      0      0      0  13365   2220      0      0  89166  89167      0      -      -      0   3618   2961 
    0    285     87      -     99     45      0      0      0      0  13365   2227     28      0  89162  89163      0      -      -      0   2926   2171 
    1    271     87      -     99     52      0      0      0      0  13365   2220      0      0  89164  89165      0      -      -      0   3593   2249 
    2    268     87      -     99     52      0      0      0      0  13365   2242      0      0  89166  89167      0      -      -      0   2601   2072 
    3    264     85      -     99     50      0      0      0      0  13365   2242      0      0  89166  89167      0      -      -      0   2934   2251 
    0    282     87      -     99     44      0      0      0      0  13365   2227      0      0  89162  89163      0      -      -      0   3113   1499 
    1    268     87      -     99     50      0      0      0      0  13365   2212      0      0  89164  89165      0      -      -      0   2913   1605 
    2    265     86      -     99     50      0      0      0      0  13365   2235      0      0  89166  89167      0      -      -      0   2744   1490 
    3    262     84      -     99     49      0      0      0      0  13365   2235      0      0  89166  89167      0      -      -      0   3758   1619 
    0    260     85      -     99     38      0      0      0      0  13365   2257      9      0  89162  89163      0      -      -      0   3108   1565 
    1    241     85      -     99     45      0      0      0      0  13365   2242      6      0  89164  89165      0      -      -      0   3804   1587 
    2    245     85      -     99     45      0      0      0      0  13365   2257      5      0  89166  89167      0      -      -      0   3032   1469 
    3    243     83      -     99     45      0      0      0      0  13365   2250      5      0  89166  89167      0      -      -      0   3696   1576 
    0    256     84      -     99     22      0      0      0      0  13365   2257      0      0  89162  89163      0      -      -      0  12615  15518 
    1    231     84      -    100     19      0      0      0      0  13365   2197      0      0  89164  89165      0      -      -      0  13364  15248 
    2    228     84      -    100     18      0      0      0      0  13365   2175      0      0  89166  89167      0      -      -      0  13103  16284 
    3    228     82      -    100     17      0      0      0      0  13365   2167      0      0  89166  89167      0      -      -      0  12756  16365 
# gpu    pwr  gtemp  mtemp     sm    mem    enc    dec    jpg    ofa   mclk   pclk  pviol  tviol     fb   bar1   ccpm  sbecc  dbecc    pci  rxpci  txpci 
# Idx      W      C      C      %      %      %      %      %      %    MHz    MHz      %   bool     MB     MB     MB   errs   errs   errs   MB/s   MB/s 
    0    252     84      -     99     38      0      0      0      0  13365   2257      0      0  89162  89163      0      -      -      0    750    497 
    1    236     83      -     99     44      0      0      0      0  13365   2242      0      0  89164  89165      0      -      -      0    878    507 
    2    240     84      -     99     44      0      0      0      0  13365   2257      0      0  89166  89167      0      -      -      0    745    481 
    3    238     82      -     99     43      0      0      0      0  13365   2250      0      0  89166  89167      0      -      -      0    849    501 
    0    230     82      -     99     29      0      0      0      0  13365   2100      1      0  89162  89163      0      -      -      0  13512  15133 
    1    211     82      -    100     22      0      0      0      0  13365   2100      1      0  89164  89165      0      -      -      0   8495  22196 
    2    209     82      -    100     12      0      0      0      0  13365   2115      1      0  89166  89167      0      -      -      0  19741  10432 
    3    208     82      -    100     12      0      0      0      0  13365   2100      1      0  89166  89167      0      -      -      0  12487  24827 
    0    240     82      -     99     36      0      0      0      0  13365   2265      9      0  89162  89163      0      -      -      0   1018    763 
    1    224     82      -     99     43      0      0      0      0  13365   2257      6      0  89164  89165      0      -      -      0   1369    799 
    2    222     82      -     99     42      0      0      0      0  13365   2272      5      0  89166  89167      0      -      -      0    993    739 
    3    223     80      -     99     42      0      0      0      0  13365   2265      4      0  89166  89167      0      -      -      0   1208    784 
    0    242     82      -     98     36      0      0      0      0  13365   2287      0      0  89162  89163      0      -      -      0    774    488 
    1    223     81      -     98     43      0      0      0      0  13365   2265      0      0  89164  89165      0      -      -      0    888    509 
    2    224     82      -     98     42      0      0      0      0  13365   2280      0      0  89166  89167      0      -      -      0    760    483 
    3    219     79      -     99     41      0      0      0      0  13365   2272      0      0  89166  89167      0      -      -      0    918    519 
    0    242     80      -     98     35      0      0      0      0  13365   2287      0      0  89162  89163      0      -      -      0    762    474 
    1    220     80      -     98     44      0      0      0      0  13365   2265      0      0  89164  89165      0      -      -      0    817    511 
    2    221     80      -     98     42      0      0      0      0  13365   2280      0      0  89166  89167      0      -      -      0    732    464 
    3    218     77      -     98     41      0      0      0      0  13365   2280      0      0  89166  89167      0      -      -      0    813    502 
    0    240     80      -     98     35      0      0      0      0  13365   2287      0      0  89162  89163      0      -      -      0    723    501 
    1    219     80      -     98     43      0      0      0      0  13365   2265      0      0  89164  89165      0      -      -      0    896    518 
    2    221     80      -     98     41      0      0      0      0  13365   2280      0      0  89166  89167      0      -      -      0    756    500 
    3    216     77      -     98     41      0      0      0      0  13365   2280      0      0  89166  89167      0      -      -      0    906    522 
    0     99     76      -      0      0      0      0      0      0  13365   2272      0      0  89162  89163      0      -      -      0      0      0 
    1     91     75      -      0      0      0      0      0      0  13365   2272      0      0  89164  89165      0      -      -      0      0      0 
    2     87     76      -      0      0      0      0      0      0  13365   2272      0      0  89166  89167      0      -      -      0      0      0 
    3     87     72      -      0      0      0      0      0      0  13365   2272      0      0  89166  89167      0      -      -      0      0      0 
    0    239     79      -     98     36      0      0      0      0  13365   2287     10      0  89162  89163      0      -      -      0    773    490 
    1    218     78      -     98     43      0      0      0      0  13365   2265      7      0  89164  89165      0      -      -      0    846    505 
    2    221     79      -     98     42      0      0      0      0  13365   2280      6      0  89166  89167      0      -      -      0    719    477 
    3    214     75      -     98     41      0      0      0      0  13365   2280      6      0  89166  89167      0      -      -      0    849    487 
    0    189     79      -     98     35      0      0      0      0  13365   2175      0      0  89162  89163      0      -      -      0    762    500 
    1    139     78      -     54      9      0      0      0      0  13365   2167      0      0  89164  89165      0      -      -      0    880    522 
    2    154     80      -    100     16      0      0      0      0  13365   2182      0      0  89166  89167      0      -      -      0    789    482 
    3    151     75      -    100     17      0      0      0      0  13365   2190      0      0  89166  89167      0      -      -      0    885    511 
    0    155     78      -     98     35      0      0      0      0  13365   2175      0      0  89162  89163      0      -      -      0    795    495 
    1    195     77      -     98     43      0      0      0      0  13365   2227      0      0  89164  89165      0      -      -      0    891    512 
    2    200     78      -     98     41      0      0      0      0  13365   2280      0      0  89166  89167      0      -      -      0    742    469 
    3    197     73      -     98     41      0      0      0      0  13365   2272      0      0  89166  89167      0      -      -      0    864    513 
    0    238     79      -     98     36      0      0      0      0  13365   2280      8      0  89162  89163      0      -      -      0    803    481 
    1    216     78      -     98     44      0      0      0      0  13365   2265      6      0  89164  89165      0      -      -      0    886    507 
    2    221     79      -     98     42      0      0      0      0  13365   2280      6      0  89166  89167      0      -      -      0    732    474 
    3    213     74      -     98     41      0      0      0      0  13365   2280      6      0  89166  89167      0      -      -      0    752    493 
# gpu    pwr  gtemp  mtemp     sm    mem    enc    dec    jpg    ofa   mclk   pclk  pviol  tviol     fb   bar1   ccpm  sbecc  dbecc    pci  rxpci  txpci 
# Idx      W      C      C      %      %      %      %      %      %    MHz    MHz      %   bool     MB     MB     MB   errs   errs   errs   MB/s   MB/s 
    0    237     79      -     98     35      0      0      0      0  13365   2280      0      0  89162  89163      0      -      -      0    795    486 
    1    216     78      -     98     42      0      0      0      0  13365   2265      0      0  89164  89165      0      -      -      0    893    512 
    2    220     80      -     98     41      0      0      0      0  13365   2280      0      0  89166  89167      0      -      -      0    748    496 
    3    212     74      -     98     41      0      0      0      0  13365   2280      0      0  89166  89167      0      -      -      0    849    514 
    0    138     77      -      0      0      0      0      0      0  13365   2122      1      0  89162  89163      0      -      -      0  17838  18883 
    1    137     76      -    100     19      0      0      0      0  13365   2115      1      0  89164  89165      0      -      -      0   9331  15906 
    2    139     78      -    100     20      0      0      0      0  13365   2115      1      0  89166  89167      0      -      -      0  16859  16094 
    3    136     72      -    100     17      0      0      0      0  13365   2130      1      0  89166  89167      0      -      -      0  12892  14794 
    0    238     79      -     98     36      0      0      0      0  13365   2287      5      0  89162  89163      0      -      -      0    744    475 
    1    216     78      -     98     44      0      0      0      0  13365   2265      4      0  89164  89165      0      -      -      0    949    494 
    2    221     79      -     98     42      0      0      0      0  13365   2280      4      0  89166  89167      0      -      -      0    715    477 
    3    212     74      -     98     41      0      0      0      0  13365   2280      4      0  89166  89167      0      -      -      0    847    490 
    0    124     76      -      0      0      0      0      0      0  13365   2332      0      0  89162  89163      0      -      -      0      0      2 
    1    108     75      -      0      0      0      0      0      0  13365   2302      0      0  89164  89165      0      -      -      0      0      0 
    2    105     76      -      0      0      0      0      0      0  13365   2317      0      0  89166  89167      0      -      -      0      0      0 
    3     88     70      -      0      0      0      0      0      0  13365   2317      0      0  89166  89167      0      -      -      0      0      2 
    0    231     78      -     98     36      0      0      0      0  13365   2287      6      0  89162  89163      0      -      -      0    753    484 
    1    213     77      -     98     43      0      0      0      0  13365   2265      6      0  89164  89165      0      -      -      0    838    521 
    2    219     78      -     98     42      0      0      0      0  13365   2280      5      0  89166  89167      0      -      -      0    741    481 
    3    212     73      -     98     41      0      0      0      0  13365   2272      5      0  89166  89167      0      -      -      0    877    486 
    0    236     79      -     98     35      0      0      0      0  13365   2287      0      0  89162  89163      0      -      -      0    771    500 
    1    215     77      -     98     42      0      0      0      0  13365   2265      0      0  89164  89165      0      -      -      0    872    532 
    2    219     79      -     98     41      0      0      0      0  13365   2280      0      0  89166  89167      0      -      -      0    754    487 
    3    210     73      -     98     41      0      0      0      0  13365   2272      0      0  89166  89167      0      -      -      0    796    503 
    0    203     78      -    100     16      0      0      0      0  13365   2145      0      0  89162  89163      0      -      -      0  15786  17296 
    1    188     77      -    100     17      0      0      0      0  13365   2137      0      0  89164  89165      0      -      -      0  11656  19427 
    2    191     78      -    100     19      0      0      0      0  13365   2152      0      0  89166  89167      0      -      -      0  13543  16931 
    3    189     71      -    100     17      0      0      0      0  13365   2152      0      0  89166  89167      0      -      -      0  11663  15966 
    0    267     79      -     99     44      0      0      0      0  13365   2227     11      0  89162  89163      0      -      -      0   2820   2055 
    1    248     78      -     99     50      0      0      0      0  13365   2220      6      0  89164  89165      0      -      -      0   3737   2184 
    2    248     79      -     99     50      0      0      0      0  13365   2242      6      0  89166  89167      0      -      -      0   2520   2020 
    3    239     74      -     99     48      0      0      0      0  13365   2242      5      0  89166  89167      0      -      -      0   3247   2183 
    0    246     81      -     99     38      0      0      0      0  13365   2257      0      0  89162  89163      0      -      -      0  11556  14231 
    1    225     79      -     99     24      0      0      0      0  13365   2235      0      0  89164  89165      0      -      -      0  11768  12939 
    2    237     81      -     99     44      0      0      0      0  13365   2257      0      0  89166  89167      0      -      -      0   2372   2041 
    3    227     75      -     99     43      0      0      0      0  13365   2257      0      0  89166  89167      0      -      -      0   3199   2168 
    0    265     82      -     99     41      0      0      0      0  13365   2227      0      0  89162  89163      0      -      -      0   2902   1480 
    1    248     81      -     99     45      0      0      0      0  13365   2227      0      0  89164  89165      0      -      -      0   3490   1628 
    2    247     82      -     99     44      0      0      0      0  13365   2250      0      0  89166  89167      0      -      -      0   2830   1515 
    3    234     76      -     99     43      0      0      0      0  13365   2257      0      0  89166  89167      0      -      -      0   3877   1733 
    0    249     82      -     99     38      0      0      0      0  13365   2257      0      0  89162  89163      0      -      -      0   3144   1531 
    1    228     81      -     99     43      0      0      0      0  13365   2242      0      0  89164  89165      0      -      -      0   3083   1691 
    2    232     82      -     99     43      0      0      0      0  13365   2257      0      0  89166  89167      0      -      -      0   2541   1501 
    3    225     77      -     99     43      0      0      0      0  13365   2250      0      0  89166  89167      0      -      -      0   3497   1578 
# gpu    pwr  gtemp  mtemp     sm    mem    enc    dec    jpg    ofa   mclk   pclk  pviol  tviol     fb   bar1   ccpm  sbecc  dbecc    pci  rxpci  txpci 
# Idx      W      C      C      %      %      %      %      %      %    MHz    MHz      %   bool     MB     MB     MB   errs   errs   errs   MB/s   MB/s 
    0    253     83      -     99     39      0      0      0      0  13365   2257     13      0  89162  89163      0      -      -      0   2855   1504 
    1    232     82      -     99     45      0      0      0      0  13365   2242      6      0  89164  89165      0      -      -      0   3247   1591 
    2    236     83      -     99     44      0      0      0      0  13365   2257      7      0  89166  89167      0      -      -      0   2438   1473 
    3    228     77      -     99     44      0      0      0      0  13365   2257      5      0  89166  89167      0      -      -      0   3333   1673 
    0    201     80      -     98     35      0      0      0      0  13365   2317      0      0  89162  89163      0      -      -      0      0      0 
    1    180     79      -     98     42      0      0      0      0  13365   2302      0      0  89164  89165      0      -      -      0      0      0 
    2    163     80      -     98     41      0      0      0      0  13365   2317      0      0  89166  89167      0      -      -      0      0      0 
    3    157     75      -     67     28      0      0      0      0  13365   2317      0      0  89166  89167      0      -      -      0      0      0 
    0    215     81      -    100     13      0      0      0      0  13365   2092      8      0  89162  89163      0      -      -      0  12052  19688 
    1    197     80      -    100     16      0      0      0      0  13365   2077      5      0  89164  89165      0      -      -      0  16820  15392 
    2    203     83      -    100     22      0      0      0      0  13365   2167      4      0  89166  89167      0      -      -      0  11031      0 
    3    198     77      -    100     20      0      0      0      0  13365   2122      4      0  89166  89167      0      -      -      0  18178  19847 
    0    246     83      -     98     35      0      0      0      0  13365   2280      3      0  89162  89163      0      -      -      0    723    474 
    1    223     81      -     98     44      0      0      0      0  13365   2265      1      0  89164  89165      0      -      -      0    856    510 
    2    227     83      -     98     42      0      0      0      0  13365   2280      1      0  89166  89167      0      -      -      0    743    477 
    3    217     76      -     98     41      0      0      0      0  13365   2272      1      0  89166  89167      0      -      -      0    804    500 
    0    247     83      -     98     35      0      0      0      0  13365   2287      0      0  89162  89163      0      -      -      0  11677  14573 
    1    222     81      -     98     42      0      0      0      0  13365   2265      0      0  89164  89165      0      -      -      0  10866  13105 
    2    226     83      -     98     42      0      0      0      0  13365   2280      0      0  89166  89167      0      -      -      0  10554  13226 
    3    215     77      -     99     34      0      0      0      0  13365   2265      0      0  89166  89167      0      -      -      0  11349  13961 
    0    154     80      -      0      0      0      0      0      0  13365   2115      0      0  89162  89163      0      -      -      0  12329  25153 
    1    149     82      -     88     17      0      0      0      0  13365   2092      0      0  89164  89165      0      -      -      0  11618  15264 
    2    159     82      -    100     21      0      0      0      0  13365   2107      0      0  89166  89167      0      -      -      0   9314  24076 
    3    153     76      -    100     21      0      0      0      0  13365   2130      0      0  89166  89167      0      -      -      0  17716   4427 
    0    245     82      -     98     35      0      0      0      0  13365   2280      8      0  89162  89163      0      -      -      0    746    482 
    1    222     80      -     98     43      0      0      0      0  13365   2265      5      0  89164  89165      0      -      -      0    869    515 
    2    228     82      -     98     42      0      0      0      0  13365   2280      5      0  89166  89167      0      -      -      0    745    481 
    3    216     76      -     98     41      0      0      0      0  13365   2280      5      0  89166  89167      0      -      -      0    849    493 
    0    223     83      -    100     18      0      0      0      0  13365   2077     21      0  89162  89163      0      -      -      0  12255  20874 
    1    204     81      -    100     22      0      0      0      0  13365   2040     13      0  89164  89165      0      -      -      0  16100  15181 
    2    207     81      -    100     12      0      0      0      0  13365   2055     13      0  89166  89167      0      -      -      0   9374  22177 
    3    210     80      -    100     21      0      0      0      0  13365   2085     11      0  89166  89167      0      -      -      0  18507  10982 
    0    251     83      -     98     36      0      0      0      0  13365   2280     20      0  89162  89163      0      -      -      0    774    473 
    1    229     81      -     98     43      0      0      0      0  13365   2265     14      0  89164  89165      0      -      -      0    851    500 
    2    233     83      -     98     42      0      0      0      0  13365   2280     13      0  89166  89167      0      -      -      0    729    484 
    3    223     77      -     98     41      0      0      0      0  13365   2272     12      0  89166  89167      0      -      -      0    859    486 
    0    242     83      -     98     36      0      0      0      0  13365   2287      0      0  89162  89163      0      -      -      0    798    500 
    1    220     81      -     98     43      0      0      0      0  13365   2265      0      0  89164  89165      0      -      -      0    818    521 
    2    225     83      -     98     41      0      0      0      0  13365   2280      0      0  89166  89167      0      -      -      0    761    486 
    3    216     77      -     98     40      0      0      0      0  13365   2280      0      0  89166  89167      0      -      -      0    870    524 
    0    188     79      -     98     35      0      0      0      0  13365   2332      0      0  89162  89163      0      -      -      0      0      2 
    1    220     80      -     98     43      0      0      0      0  13365   2265      0      0  89164  89165      0      -      -      0      0      0 
    2    218     81      -     46     19      0      0      0      0  13365   2280      0      0  89166  89167      0      -      -      0      0      1 
    3    205     74      -     10      4      0      0      0      0  13365   2295      0      0  89166  89167      0      -      -      0      0      2 
# gpu    pwr  gtemp  mtemp     sm    mem    enc    dec    jpg    ofa   mclk   pclk  pviol  tviol     fb   bar1   ccpm  sbecc  dbecc    pci  rxpci  txpci 
# Idx      W      C      C      %      %      %      %      %      %    MHz    MHz      %   bool     MB     MB     MB   errs   errs   errs   MB/s   MB/s 
    0    238     82      -     99     35      0      0      0      0  13365   2265     12      0  89162  89163      0      -      -      0   1064    767 
    1    220     80      -     99     43      0      0      0      0  13365   2257      7      0  89164  89165      0      -      -      0   1386    801 
    2    221     82      -     99     42      0      0      0      0  13365   2272      6      0  89166  89167      0      -      -      0   1039    746 
    3    213     76      -     99     42      0      0      0      0  13365   2272      6      0  89166  89167      0      -      -      0   1251    803 
    0    235     83      -     99     21      0      0      0      0  13365   2092      5      0  89162  89163      0      -      -      0   8859  11018 
    1    214     82      -    100     17      0      0      0      0  13365   2092      4      0  89164  89165      0      -      -      0   9058  11513 
    2    217     83      -    100     15      0      0      0      0  13365   2107      3      0  89166  89167      0      -      -      0   9324  11479 
    3    211     77      -    100     16      0      0      0      0  13365   2122      3      0  89166  89167      0      -      -      0   9068   6188 
    0    240     83      -     98     35      0      0      0      0  13365   2272      0      0  89162  89163      0      -      -      0    795    498 
    1    221     81      -     98     43      0      0      0      0  13365   2265      0      0  89164  89165      0      -      -      0    881    520 
    2    224     83      -     98     41      0      0      0      0  13365   2280      0      0  89166  89167      0      -      -      0    828    491 
    3    216     77      -     98     41      0      0      0      0  13365   2280      0      0  89166  89167      0      -      -      0    900    491 
    0    248     83      -     98     35      0      0      0      0  13365   2280      7      0  89162  89163      0      -      -      0    747    488 
    1    226     82      -     98     43      0      0      0      0  13365   2265      7      0  89164  89165      0      -      -      0    930    504 
    2    231     84      -     98     43      0      0      0      0  13365   2280      6      0  89166  89167      0      -      -      0    690    474 
    3    220     78      -     98     41      0      0      0      0  13365   2280      6      0  89166  89167      0      -      -      0    804    489 
    0    228     85      -     99     16      0      0      0      0  13365   2122     11      0  89162  89163      0      -      -      0   1126    758 
    1    211     83      -     99     18      0      0      0      0  13365   2122      7      0  89164  89165      0      -      -      0   1378    821 
    2    222     84      -    100     16      0      0      0      0  13365   2130      6      0  89166  89167      0      -      -      0   1142    790 
    3    215     80      -    100     15      0      0      0      0  13365   2130      6      0  89166  89167      0      -      -      0   1343    801 
    0    250     84      -     98     36      0      0      0      0  13365   2287      0      0  89162  89163      0      -      -      0    800    492 
    1    227     83      -     98     44      0      0      0      0  13365   2265      0      0  89164  89165      0      -      -      0    862    511 
    2    233     84      -     98     42      0      0      0      0  13365   2280      0      0  89166  89167      0      -      -      0    701    466 
    3    220     78      -     98     41      0      0      0      0  13365   2272      0      0  89166  89167      0      -      -      0    861    503 
    0    252     85      -     98     36      0      0      0      0  13365   2287      0      0  89162  89163      0      -      -      0    722    469 
    1    228     83      -     98     44      0      0      0      0  13365   2265      0      0  89164  89165      0      -      -      0    882    503 
    2    235     85      -     98     43      0      0      0      0  13365   2280      0      0  89166  89167      0      -      -      0    702    473 
    3    222     79      -     98     41      0      0      0      0  13365   2280      0      0  89166  89167      0      -      -      0    836    494 
    0    251     85      -     98     35      0      0      0      0  13365   2287      0      0  89162  89163      0      -      -      0    784    495 
    1    226     83      -     98     43      0      0      0      0  13365   2265      0      0  89164  89165      0      -      -      0    852    508 
    2    231     85      -     98     41      0      0      0      0  13365   2280      0      0  89166  89167      0      -      -      0    752    501 
    3    220     79      -     98     40      0      0      0      0  13365   2280      0      0  89166  89167      0      -      -      0    894    515 
    0    102     79      -      0      0      0      0      0      0  13365   2272      0      0  89162  89163      0      -      -      0      0      1 
    1     94     78      -      0      0      0      0      0      0  13365   2272      0      0  89164  89165      0      -      -      0   2939  15946 
    2     90     80      -      0      0      0      0      0      0  13365   2272      0      0  89166  89167      0      -      -      0  13017  15627 
    3     88     74      -      0      0      0      0      0      0  13365   2272      0      0  89166  89167      0      -      -      0  12254  16172 
    0    249     83      -     98     36      0      0      0      0  13365   2287     12      0  89162  89163      0      -      -      0    766    475 
    1    224     81      -     98     43      0      0      0      0  13365   2265      7      0  89164  89165      0      -      -      0    905    508 
    2    229     83      -     98     42      0      0      0      0  13365   2280      6      0  89166  89167      0      -      -      0    724    479 
    3    218     77      -     98     41      0      0      0      0  13365   2280      6      0  89166  89167      0      -      -      0    910    482 
    0    249     83      -     98     36      0      0      0      0  13365   2280      0      0  89162  89163      0      -      -      0    773    486 
    1    225     82      -     98     44      0      0      0      0  13365   2265      0      0  89164  89165      0      -      -      0    891    498 
    2    232     84      -     98     42      0      0      0      0  13365   2280      0      0  89166  89167      0      -      -      0    708    457 
    3    219     78      -     98     41      0      0      0      0  13365   2280      0      0  89166  89167      0      -      -      0    836    497 
# gpu    pwr  gtemp  mtemp     sm    mem    enc    dec    jpg    ofa   mclk   pclk  pviol  tviol     fb   bar1   ccpm  sbecc  dbecc    pci  rxpci  txpci 
# Idx      W      C      C      %      %      %      %      %      %    MHz    MHz      %   bool     MB     MB     MB   errs   errs   errs   MB/s   MB/s 
    0    248     84      -     98     36      0      0      0      0  13365   2287      0      0  89162  89163      0      -      -      0    786    498 
    1    225     82      -     98     42      0      0      0      0  13365   2265      0      0  89164  89165      0      -      -      0    838    500 
    2    231     84      -     98     42      0      0      0      0  13365   2280      0      0  89166  89167      0      -      -      0    714    466 
    3    218     78      -     98     41      0      0      0      0  13365   2280      0      0  89166  89167      0      -      -      0    902    508 
    0    209     81      -    100     16      0      0      0      0  13365   2137      0      0  89162  89163      0      -      -      0  13166  16029 
    1    194     80      -    100     21      0      0      0      0  13365   2137      0      0  89164  89165      0      -      -      0  12520  16595 
    2    198     82      -    100     18      0      0      0      0  13365   2145      0      0  89166  89167      0      -      -      0  12726  15678 
    3    195     77      -    100     20      0      0      0      0  13365   2152      0      0  89166  89167      0      -      -      0  13130  15749 
    0    239     82      -    100     17      0      0      0      0  13365   2287     13      0  89162  89163      0      -      -      0   7414  17200 
    1    218     81      -    100     17      0      0      0      0  13365   2182      7      0  89164  89165      0      -      -      0  13527  16599 
    2    221     82      -    100     18      0      0      0      0  13365   2130      7      0  89166  89167      0      -      -      0   6410  16709 
    3    211     77      -    100     17      0      0      0      0  13365   2115      7      0  89166  89167      0      -      -      0  13371  16638 
    0    240     82      -     99     36      0      0      0      0  13365   2265      2      0  89162  89163      0      -      -      0   1027    765 
    1    224     82      -     99     43      0      0      0      0  13365   2257      1      0  89164  89165      0      -      -      0   1477    847 
    2    225     83      -     99     43      0      0      0      0  13365   2272      1      0  89166  89167      0      -      -      0   1039    738 
    3    217     77      -     99     41      0      0      0      0  13365   2265      2      0  89166  89167      0      -      -      0   1313    792 
    0    243     83      -     99     36      0      0      0      0  13365   2280      0      0  89162  89163      0      -      -      0    789    498 
    1    224     82      -     99     43      0      0      0      0  13365   2257      0      0  89164  89165      0      -      -      0    869    526 
    2    226     83      -     99     42      0      0      0      0  13365   2265      0      0  89166  89167      0      -      -      0    726    478 
    3    218     78      -     99     42      0      0      0      0  13365   2265      0      0  89166  89167      0      -      -      0    813    495 
    0    243     83      -     99     36      0      0      0      0  13365   2265      0      0  89162  89163      0      -      -      0   1066    710 
    1    227     83      -     99     44      0      0      0      0  13365   2257      0      0  89164  89165      0      -      -      0   1313    784 
    2    227     84      -     99     42      0      0      0      0  13365   2272      0      0  89166  89167      0      -      -      0   1054    747 
    3    220     78      -     99     42      0      0      0      0  13365   2265      0      0  89166  89167      0      -      -      0   1229    782 
    0    220     84      -    100     19      0      0      0      0  13365   2077     11      0  89162  89163      0      -      -      0   8454  24572 
    1    206     82      -    100     22      0      0      0      0  13365   2092      6      0  89164  89165      0      -      -      0  16116   6458 
    2    206     84      -    100     21      0      0      0      0  13365   2092      6      0  89166  89167      0      -      -      0  12190  14868 
    3    201     79      -    100     17      0      0      0      0  13365   2137      6      0  89166  89167      0      -      -      0   9918   8213 
    0    244     84      -     99     37      0      0      0      0  13365   2265      2      0  89162  89163      0      -      -      0   1048    720 
    1    228     83      -     99     43      0      0      0      0  13365   2257      0      0  89164  89165      0      -      -      0   1207    786 
    2    230     84      -     99     43      0      0      0      0  13365   2272      0      0  89166  89167      0      -      -      0    965    749 
    3    222     79      -     99     42      0      0      0      0  13365   2265      0      0  89166  89167      0      -      -      0   1323    784 
    0    244     84      -     99     36      0      0      0      0  13365   2265      0      0  89162  89163      0      -      -      0   1137    784 
    1    227     83      -     99     43      0      0      0      0  13365   2257      0      0  89164  89165      0      -      -      0   1366    815 
    2    228     84      -     99     42      0      0      0      0  13365   2272      0      0  89166  89167      0      -      -      0   1091    760 
    3    220     79      -     99     41      0      0      0      0  13365   2265      0      0  89166  89167      0      -      -      0   1287    786 
    0    244     84      -     99     35      0      0      0      0  13365   2272      0      0  89162  89163      0      -      -      0   1065    749 
    1    229     84      -     99     44      0      0      0      0  13365   2257      0      0  89164  89165      0      -      -      0   1330    790 
    2    228     85      -     99     42      0      0      0      0  13365   2272      0      0  89166  89167      0      -      -      0   1108    751 
    3    219     79      -     99     41      0      0      0      0  13365   2272      0      0  89166  89167      0      -      -      0   1277    816 
    0    233     85      -     98     36      0      0      0      0  13365   2167      0      0  89162  89163      0      -      -      0  12520  15611 
    1    213     83      -     98     44      0      0      0      0  13365   2152      0      0  89164  89165      0      -      -      0  13120  16289 
    2    215     85      -    100     18      0      0      0      0  13365   2160      0      0  89166  89167      0      -      -      0  12984  15076 
    3    206     79      -    100     19      0      0      0      0  13365   2167      0      0  89166  89167      0      -      -      0  13246  14994 
# gpu    pwr  gtemp  mtemp     sm    mem    enc    dec    jpg    ofa   mclk   pclk  pviol  tviol     fb   bar1   ccpm  sbecc  dbecc    pci  rxpci  txpci 
# Idx      W      C      C      %      %      %      %      %      %    MHz    MHz      %   bool     MB     MB     MB   errs   errs   errs   MB/s   MB/s 
    0    256     84      -     99     38      0      0      0      0  13365   2257     13      0  89162  89163      0      -      -      0   2965    746 
    1    237     84      -     99     45      0      0      0      0  13365   2242      9      0  89164  89165      0      -      -      0   1413    801 
    2    241     85      -     99     44      0      0      0      0  13365   2257      6      0  89166  89167      0      -      -      0   1031    741 
    3    233     80      -     99     43      0      0      0      0  13365   2250      6      0  89166  89167      0      -      -      0   1254    771 
    0    254     85      -     98     35      0      0      0      0  13365   2287      0      0  89162  89163      0      -      -      0    747    482 
    1    230     84      -     98     43      0      0      0      0  13365   2265      0      0  89164  89165      0      -      -      0    922    504 
    2    235     85      -     98     42      0      0      0      0  13365   2280      0      0  89166  89167      0      -      -      0    748    476 
    3    223     80      -     98     41      0      0      0      0  13365   2272      0      0  89166  89167      0      -      -      0    796    501 
    0    254     85      -     98     36      0      0      0      0  13365   2287      0      0  89162  89163      0      -      -      0    753    489 
    1    231     84      -     98     44      0      0      0      0  13365   2265      0      0  89164  89165      0      -      -      0    862    506 
    2    236     86      -     98     42      0      0      0      0  13365   2280      0      0  89166  89167      0      -      -      0    738    481 
    3    223     80      -     98     41      0      0      0      0  13365   2280      0      0  89166  89167      0      -      -      0    840    496 
    0    108     81      -      0      0      0      0      0      0  13365   2332      0      0  89162  89163      0      -      -      0      0      0 
    1     98     80      -      0      0      0      0      0      0  13365   2302      0      0  89164  89165      0      -      -      0      0      0 
    2     97     81      -      0      0      0      0      0      0  13365   2310      0      0  89166  89167      0      -      -      0      0      0 
    3     89     75      -      0      0      0      0      0      0  13365   2302      0      0  89166  89167      0      -      -      0      0      0 
    0    211     83      -    100     17      0      0      0      0  13365   2145     10      0  89162  89163      0      -      -      0  12215  18812 
    1    194     82      -    100     20      0      0      0      0  13365   2145      7      0  89164  89165      0      -      -      0  16160  11804 
    2    199     83      -    100     20      0      0      0      0  13365   2145      6      0  89166  89167      0      -      -      0  14646  16142 
    3    204     78      -    100     18      0      0      0      0  13365   2160      6      0  89166  89167      0      -      -      0  12211  19554 
    0    242     83      -     99     35      0      0      0      0  13365   2265      0      0  89162  89163      0      -      -      0   1107    766 
    1    226     82      -     99     43      0      0      0      0  13365   2257      0      0  89164  89165      0      -      -      0   1457    806 
    2    226     84      -     99     42      0      0      0      0  13365   2272      0      0  89166  89167      0      -      -      0   1073    774 
    3    217     78      -     99     41      0      0      0      0  13365   2265      0      0  89166  89167      0      -      -      0   1312    810 
    0    245     83      -     99     35      0      0      0      0  13365   2250      2      0  89162  89163      0      -      -      0   3294   1515 
    1    228     82      -     99     43      0      0      0      0  13365   2242      2      0  89164  89165      0      -      -      0   4143   1633 
    2    232     84      -     97     43      0      0      0      0  13365   2257      2      0  89166  89167      0      -      -      0   2774   1486 
    3    222     78      -     98     42      0      0      0      0  13365   2250      2      0  89166  89167      0      -      -      0   3687   1617 
    0    248     84      -     98     35      0      0      0      0  13365   2280      0      0  89162  89163      0      -      -      0    754    490 
    1    226     83      -     98     43      0      0      0      0  13365   2265      0      0  89164  89165      0      -      -      0    906    513 
    2    233     84      -     98     42      0      0      0      0  13365   2280      0      0  89166  89167      0      -      -      0    660    468 
    3    220     78      -     98     41      0      0      0      0  13365   2280      0      0  89166  89167      0      -      -      0    808    488 
    0    217     83      -    100     12      0      0      0      0  13365   2077      4      0  89162  89163      0      -      -      0  11997  14885 
    1    204     81      -    100     22      0      0      0      0  13365   2100      1      0  89164  89165      0      -      -      0  20272  14925 
    2    207     83      -    100     21      0      0      0      0  13365   2107      2      0  89166  89167      0      -      -      0   7269     53 
    3    199     79      -    100     21      0      0      0      0  13365   2182      1      0  89166  89167      0      -      -      0  19415  17263 
    0    249     84      -     98     35      0      0      0      0  13365   2287      7      0  89162  89163      0      -      -      0    761    484 
    1    227     83      -     98     43      0      0      0      0  13365   2265      4      0  89164  89165      0      -      -      0    882    515 
    2    232     84      -     98     42      0      0      0      0  13365   2280      4      0  89166  89167      0      -      -      0    725    475 
    3    219     78      -     98     41      0      0      0      0  13365   2280      4      0  89166  89167      0      -      -      0    907    494 
    0    250     84      -     98     36      0      0      0      0  13365   2287      0      0  89162  89163      0      -      -      0    814    496 
    1    228     83      -     98     44      0      0      0      0  13365   2265      0      0  89164  89165      0      -      -      0    843    485 
    2    233     84      -     98     42      0      0      0      0  13365   2280      0      0  89166  89167      0      -      -      0    699    479 
    3    221     79      -     98     41      0      0      0      0  13365   2280      0      0  89166  89167      0      -      -      0    816    498 
# gpu    pwr  gtemp  mtemp     sm    mem    enc    dec    jpg    ofa   mclk   pclk  pviol  tviol     fb   bar1   ccpm  sbecc  dbecc    pci  rxpci  txpci 
# Idx      W      C      C      %      %      %      %      %      %    MHz    MHz      %   bool     MB     MB     MB   errs   errs   errs   MB/s   MB/s 
    0    242     84      -     99     36      0      0      0      0  13365   2265      0      0  89162  89163      0      -      -      0   1055    746 
    1    224     83      -     99     43      0      0      0      0  13365   2257      0      0  89164  89165      0      -      -      0   1364    833 
    2    227     84      -     99     42      0      0      0      0  13365   2272      0      0  89166  89167      0      -      -      0   1049    754 
    3    218     78      -     99     41      0      0      0      0  13365   2265      0      0  89166  89167      0      -      -      0   1346    789 
    0    242     82      -     53     19      0      0      0      0  13365   2280      0      0  89162  89163      0      -      -      0      0      0 
    1    207     80      -     17      8      0      0      0      0  13365   2265      0      0  89164  89165      0      -      -      0      0      3 
    2    208     81      -      0      0      0      0      0      0  13365   2295      0      0  89166  89167      0      -      -      0      0      2 
    3    219     78      -     98     41      0      0      0      0  13365   2272      0      0  89166  89167      0      -      -      0      0      0 
    0    246     84      -     98     35      0      0      0      0  13365   2287     11      0  89162  89163      0      -      -      0    759    486 
    1    226     82      -     98     43      0      0      0      0  13365   2265      7      0  89164  89165      0      -      -      0    913    502 
    2    229     84      -     98     42      0      0      0      0  13365   2280      6      0  89166  89167      0      -      -      0    738    485 
    3    219     78      -     98     41      0      0      0      0  13365   2280      7      0  89166  89167      0      -      -      0    905    507 
    0    249     84      -     99     36      0      0      0      0  13365   2265      0      0  89162  89163      0      -      -      0   1054    739 
    1    230     83      -     99     44      0      0      0      0  13365   2257      0      0  89164  89165      0      -      -      0   1468    805 
    2    229     84      -     99     42      0      0      0      0  13365   2272      0      0  89166  89167      0      -      -      0   1067    762 
    3    219     78      -     99     41      0      0      0      0  13365   2265      0      0  89166  89167      0      -      -      0   1244    792 
    0    244     84      -     99     36      0      0      0      0  13365   2272      0      0  89162  89163      0      -      -      0   1097    770 
    1    225     83      -     99     43      0      0      0      0  13365   2257      0      0  89164  89165      0      -      -      0   1333    810 
    2    226     84      -     99     41      0      0      0      0  13365   2272      0      0  89166  89167      0      -      -      0   1138    770 
    3    217     78      -     99     41      0      0      0      0  13365   2265      0      0  89166  89167      0      -      -      0   1299    792 
    0    218     81      -    100     19      0      0      0      0  13365   2107      2      0  89162  89163      0      -      -      0  15774  10730 
    1    199     81      -    100     18      0      0      0      0  13365   2085      3      0  89164  89165      0      -      -      0  12203  23079 
    2    204     82      -    100     17      0      0      0      0  13365   2107      1      0  89166  89167      0      -      -      0      1  15528 
    3    202     76      -    100     17      0      0      0      0  13365   2145      2      0  89166  89167      0      -      -      0  12288  19054 
    0    246     83      -     98     35      0      0      0      0  13365   2280      8      0  89162  89163      0      -      -      0    752    483 
    1    224     81      -     98     43      0      0      0      0  13365   2265      4      0  89164  89165      0      -      -      0    880    509 
    2    230     83      -     98     43      0      0      0      0  13365   2280      4      0  89166  89167      0      -      -      0    761    479 
    3    217     77      -     98     41      0      0      0      0  13365   2280      4      0  89166  89167      0      -      -      0    892    513 
    0    249     83      -     98     36      0      0      0      0  13365   2287      0      0  89162  89163      0      -      -      0      0      1 
    1    225     82      -     98     44      0      0      0      0  13365   2265      0      0  89164  89165      0      -      -      0      0      2 
    2    231     84      -     98     42      0      0      0      0  13365   2280      0      0  89166  89167      0      -      -      0      0      3 
    3    217     77      -     98     42      0      0      0      0  13365   2280      0      0  89166  89167      0      -      -      0      0      0 
    0    118     80      -      0      0      0      0      0      0  13365   2332      0      0  89162  89163      0      -      -      0      0      0 
    1    113     79      -      0      0      0      0      0      0  13365   2302      0      0  89164  89165      0      -      -      0      0      0 
    2    112     80      -      0      0      0      0      0      0  13365   2325      0      0  89166  89167      0      -      -      0      0      0 
    3     89     74      -      0      0      0      0      0      0  13365   2317      0      0  89166  89167      0      -      -      0      0      0 
    0    244     82      -     98     36      0      0      0      0  13365   2287      6      0  89162  89163      0      -      -      0    786    478 
    1    222     81      -     98     44      0      0      0      0  13365   2265      5      0  89164  89165      0      -      -      0    875    513 
    2    227     82      -     98     43      0      0      0      0  13365   2272      5      0  89166  89167      0      -      -      0    729    471 
    3    215     76      -     98     41      0      0      0      0  13365   2272      4      0  89166  89167      0      -      -      0    865    507 
    0    235     82      -     98     35      0      0      0      0  13365   2287      0      0  89162  89163      0      -      -      0    801    494 
    1    219     81      -     98     42      0      0      0      0  13365   2265      0      0  89164  89165      0      -      -      0    897    514 
    2    224     82      -     98     42      0      0      0      0  13365   2280      0      0  89166  89167      0      -      -      0    763    483 
    3    215     76      -     98     41      0      0      0      0  13365   2280      0      0  89166  89167      0      -      -      0    895    509 
# gpu    pwr  gtemp  mtemp     sm    mem    enc    dec    jpg    ofa   mclk   pclk  pviol  tviol     fb   bar1   ccpm  sbecc  dbecc    pci  rxpci  txpci 
# Idx      W      C      C      %      %      %      %      %      %    MHz    MHz      %   bool     MB     MB     MB   errs   errs   errs   MB/s   MB/s 
    0    137     80      -    100     17      0      0      0      0  13365   2160      0      0  89162  89163      0      -      -      0    816    494 
    1    129     79      -    100     19      0      0      0      0  13365   2160      0      0  89164  89165      0      -      -      0    919    520 
    2    168     81      -    100     18      0      0      0      0  13365   2167      0      0  89166  89167      0      -      -      0    771    478 
    3    176     75      -    100     17      0      0      0      0  13365   2175      0      0  89166  89167      0      -      -      0    930    504 
